[2026-09-18 11:42:39]	Unable to parse declaration: width - max-content
[2026-09-18 11:42:39]	VM: Unable to find harness.  The ViewManager should not be loaded in the shell. 
 While executing JS :30:23
[2026-09-18 11:42:39]	Attempting to read using a null/empty key, ignoring.
[2026-09-18 11:42:39]	Attempting to read using a null/empty key, ignoring.
[2026-09-18 11:42:39]	Attempting to read using a null/empty key, ignoring.
[2026-09-18 11:42:39]	Attempting to read using a null/empty key, ignoring.
[2026-09-18 11:42:39]	Attempting to read using a null/empty key, ignoring.
[2026-09-18 11:42:39]	Attempting to read using a null/empty key, ignoring.
[2026-09-18 11:42:39]	[Demographics.settings] Persisted settings slice missing while other mods' settings are present (a sibling mod may have overwritten the shared modSettings key); falling back to defaults / in-memory values for this session. 
 While executing JS :30:23
[2026-09-18 11:42:39]	[EmigProbe] shell attached 
 While executing JS :15:23
[2026-09-18 11:42:39]	Assert failure: Object size mismatch 
 While executing JS fs://game/core/ui/options/model-options.js:26:37
[2026-09-18 11:42:39]	Assert failure: Object size mismatch 
 While executing JS fs://game/core/ui/options/model-options.js:27:38
[2026-09-18 11:42:39]	----------------------------------------------------------- 
[2026-09-18 11:42:39]	SiBr3's Celebratory Celebrations  --  Options Module Loaded 
[2026-09-18 11:42:39]	----------------------------------------------------------- 
[2026-09-18 11:42:39]	LOAD sib-celebratory-celebrations.masterEnable=undefined (persistent) 
[2026-09-18 11:42:39]	LOAD sib-celebratory-celebrations.playMusic=undefined (persistent) 
[2026-09-18 11:42:39]	LOAD sib-celebratory-celebrations.persistentVfx=undefined (persistent) 
[2026-09-18 11:42:39]	LOAD sib-celebratory-celebrations.showFireworks=undefined (persistent) 
[2026-09-18 11:42:39]	LOAD sib-celebratory-celebrations.showArrows=undefined (persistent) 
[2026-09-18 11:42:39]	LOAD sib-celebratory-celebrations.showConfetti=undefined (persistent) 
[2026-09-18 11:42:39]	LOAD sib-celebratory-celebrations.showBirds=undefined (persistent) 
 While executing JS :30:23
[2026-09-18 11:42:39]	LOAD sib-celebratory-celebrations.showSmoke=undefined (persistent) 
 While executing JS :30:23
[2026-09-18 11:42:39]	LOAD sib-celebratory-celebrations.showPetals=undefined (persistent) 
 While executing JS :30:23
[2026-09-18 11:42:39]	LOAD sib-celebratory-celebrations.fireworksAlwaysUnlocked=undefined (persistent) 
 While executing JS :30:23
[2026-09-18 11:42:39]	LOAD sib-celebratory-celebrations.verboseLogging=undefined (persistent) 
 While executing JS :30:23
[2026-09-18 11:42:39]	LOAD sib-celebratory-celebrations.densityPreset=undefined (persistent) 
 While executing JS :30:23
[2026-09-18 11:42:39]	LOAD sib-celebratory-celebrations.fadeOutSpeed=undefined (persistent) 
 While executing JS :30:23
[2026-09-18 11:42:39]	LOAD sib-celebratory-celebrations.sfxDuckVolume=undefined (persistent) 
 While executing JS :30:23
[2026-09-18 11:42:39]	LOAD sib-celebratory-celebrations.flavourOverride=undefined (persistent) 
 While executing JS :30:23
[2026-09-18 11:42:39]	LOAD sib-celebratory-celebrations.fanfareEndsAt=undefined (persistent) 
 While executing JS :30:23
[2026-09-18 11:42:39]	LOAD sib-celebratory-celebrations.showAdvancedOptions=undefined (persistent) 
 While executing JS :30:23
[2026-09-18 11:42:39]	LOAD sib-celebratory-celebrations.centreConcentration=undefined (persistent) 
 While executing JS :30:23
[2026-09-18 11:42:39]	LOAD sib-celebratory-celebrations.scatterRadius=undefined (persistent) 
 While executing JS :30:23
[2026-09-18 11:42:39]	LOAD sib-celebratory-celebrations.lanternCount=undefined (persistent) 
 While executing JS :30:23
[2026-09-18 11:42:39]	LOAD sib-celebratory-celebrations.cityBurstDuration=undefined (persistent) 
 While executing JS :30:23
[2026-09-18 11:42:39]	LOAD sib-celebratory-celebrations.updateTickRate=undefined (persistent) 
 While executing JS :30:23
[2026-09-18 11:42:39]	LOAD bz-map-trix.commanders=undefined (stored) 
 While executing JS :30:23
[2026-09-18 11:42:39]	LOAD bz-map-trix.commanders=2 (default) 
 While executing JS :30:23
[2026-09-18 11:42:39]	LOAD bz-map-trix.verbose=undefined (stored) 
 While executing JS :30:23
[2026-09-18 11:42:39]	LOAD bz-map-trix.verbose=2 (default) 
 While executing JS :30:23
[2026-09-18 11:42:39]	LOAD bz-map-trix.yieldBanner=undefined (stored) 
 While executing JS :30:23
[2026-09-18 11:42:39]	LOAD bz-map-trix.yieldBanner=1 (default) 
 While executing JS :30:23
[2026-09-18 11:42:39]	Assert failure: Object size mismatch 
 While executing JS fs://game/core/ui/shell/oob-experience/oob-experience-mgr.js:331:46
[2026-09-18 11:42:39]	Attempting to remove mousemove event listener from a target  that did not have the event listener registered.
 While executing JS fs://game/core/ui/components/fxs-slider.js:81:12
[2026-09-18 11:42:39]	Attempting to remove mousemove event listener from a target  that did not have the event listener registered.
 While executing JS fs://game/core/ui/components/fxs-slider.js:81:12
[2026-09-18 11:42:39]	Attempting to remove engine-input event listener from a target  that did not have the event listener registered.
 While executing JS fs://game/core/ui/component-support.js:266:16
[2026-09-18 11:42:39]	Attempting to remove engine-input event listener from a target  that did not have the event listener registered.
 While executing JS fs://game/core/ui/component-support.js:266:16
[2026-09-18 11:42:39]	Failed to open file - lp_circ_alexander_256
[2026-09-18 11:42:39]	ResourceRequestJob | Failed loading resource: blp:lp_circ_alexander_256
[2026-09-18 11:42:39]	Failed to open file - lp_hex_alexander_256
[2026-09-18 11:42:39]	ResourceRequestJob | Failed loading resource: blp:lp_hex_alexander_256
[2026-09-18 11:42:39]	Failed to open file - bg-panel-random
[2026-09-18 11:42:39]	ResourceRequestJob | Failed loading resource: blp:bg-panel-random
[2026-09-18 11:42:39]	Failed to open file - civ_sym_random
[2026-09-18 11:42:39]	ResourceRequestJob | Failed loading resource: blp:civ_sym_random
[2026-09-18 11:42:39]	Argument conversion failed: Wrong type - expected String, got Undefined while converting argument 0 for getMOTD
 While executing JS fs://game/core/ui/shell/main-menu/main-menu.js:1214:29
[2026-09-18 11:42:40]	[EmigProbe] shell query complete 
 While executing JS :15:23
[2026-09-18 11:42:40]	[EmigProbe] shell found EmigShots072.Civ7Save turn 72 age AGE_EXPLORATION missingMods=0 unowned=0 
 While executing JS :15:23
[2026-09-18 11:42:40]	[EmigProbe] shell handleLoadSave returned true 
 While executing JS :15:23
[2026-09-18 11:42:40]	The font fallback with weight Normal (400) hasn't been loaded yet when view with id 0 unloaded its document.
[2026-09-18 11:42:41]	Unable to parse declaration: width - max-content
[2026-09-18 11:42:42]	The font fallback with weight Normal (400) hasn't been loaded yet when view with id 0 unloaded its document.
[2026-09-18 11:42:43]	Unable to parse declaration: width - max-content
[2026-09-18 11:42:43]	HTML Parser Error@:fs://game/root-game.html@1:1146: Premature end of file  Currently open tags: html, div..
 While executing JS fs://game/core/vendor/solid-js/web/dist/web.js:819:34
[2026-09-18 11:42:43]	Failed to open file - /icon_left_bumper
[2026-09-18 11:42:43]	ResourceRequestJob | Failed loading resource: fs://game/icon_left_bumper
[2026-09-18 11:42:43]	Failed to open file - /icon_right_bumper
[2026-09-18 11:42:43]	ResourceRequestJob | Failed loading resource: fs://game/icon_right_bumper
[2026-09-18 11:42:43]	Failed to open file - /icon_button_bottom
[2026-09-18 11:42:43]	ResourceRequestJob | Failed loading resource: fs://game/icon_button_bottom
[2026-09-18 11:42:58]	No handler specified for engine.on 
 While executing JS :15:23
[2026-09-18 11:42:58]	Assert failure: Object size mismatch 
 While executing JS fs://game/core/ui/options/model-options.js:26:37
[2026-09-18 11:42:58]	Assert failure: Object size mismatch 
 While executing JS fs://game/core/ui/options/model-options.js:27:38
[2026-09-18 11:42:58]	Attempting to read using a null/empty key, ignoring.
[2026-09-18 11:42:58]	Attempting to read using a null/empty key, ignoring.
[2026-09-18 11:42:58]	Attempting to read using a null/empty key, ignoring.
[2026-09-18 11:42:58]	Attempting to read using a null/empty key, ignoring.
[2026-09-18 11:42:58]	Attempting to read using a null/empty key, ignoring.
[2026-09-18 11:42:58]	Attempting to read using a null/empty key, ignoring.
[2026-09-18 11:42:58]	[Demographics.settings] Persisted settings slice missing while other mods' settings are present (a sibling mod may have overwritten the shared modSettings key); falling back to defaults / in-memory values for this session. 
 While executing JS :30:23
[2026-09-18 11:42:58]	[Emigration] enclave markers: enclave markers wired 
 While executing JS :30:23
[2026-09-18 11:42:58]	dotted is not supported for border-style
[2026-09-18 11:42:58]	[EmigTest] modtest149 attached 
 While executing JS :15:23
[2026-09-18 11:42:58]	LFYieldsPreview: Policy Chooser Item Decorator (1.4.0) 
 While executing JS :30:23
[2026-09-18 11:42:58]	LFYieldsPreview: Tech/Civic Tooltip Decorator (1.4.0) 
 While executing JS :30:23
[2026-09-18 11:42:58]	[Emigration] boot start (turnInterval 1, crossCiv true) 
 While executing JS :30:23
[2026-09-18 11:42:58]	[Emigration] PlayerTurnActivated hooked 
 While executing JS :30:23
[2026-09-18 11:42:58]	[Emigration] combat events tracking 
 While executing JS :30:23
[2026-09-18 11:42:58]	[Emigration] events: RandomEventOccurred hooked 
 While executing JS :30:23
[2026-09-18 11:42:58]	[Emigration] Demographics graph registered 
 While executing JS :30:23
[2026-09-18 11:42:58]	[Emigration] Demographics page registered 
 While executing JS :30:23
[2026-09-18 11:42:58]	----------------------------------------------------------- 
 While executing JS :30:23
[2026-09-18 11:42:58]	SiBr3's Celebratory Celebrations  --  Options Module Loaded 
 While executing JS :30:23
[2026-09-18 11:42:58]	----------------------------------------------------------- 
 While executing JS :30:23
[2026-09-18 11:42:58]	LOAD sib-celebratory-celebrations.masterEnable=undefined (persistent) 
 While executing JS :30:23
[2026-09-18 11:42:58]	LOAD sib-celebratory-celebrations.playMusic=undefined (persistent) 
 While executing JS :30:23
[2026-09-18 11:42:58]	LOAD sib-celebratory-celebrations.persistentVfx=undefined (persistent) 
 While executing JS :30:23
[2026-09-18 11:42:58]	LOAD sib-celebratory-celebrations.showFireworks=undefined (persistent) 
 While executing JS :30:23
[2026-09-18 11:42:58]	LOAD sib-celebratory-celebrations.showArrows=undefined (persistent) 
 While executing JS :30:23
[2026-09-18 11:42:58]	LOAD sib-celebratory-celebrations.showConfetti=undefined (persistent) 
 While executing JS :30:23
[2026-09-18 11:42:58]	LOAD sib-celebratory-celebrations.showBirds=undefined (persistent) 
 While executing JS :30:23
[2026-09-18 11:42:58]	LOAD sib-celebratory-celebrations.showSmoke=undefined (persistent) 
 While executing JS :30:23
[2026-09-18 11:42:58]	LOAD sib-celebratory-celebrations.showPetals=undefined (persistent) 
 While executing JS :30:23
[2026-09-18 11:42:58]	LOAD sib-celebratory-celebrations.fireworksAlwaysUnlocked=undefined (persistent) 
 While executing JS :30:23
[2026-09-18 11:42:58]	LOAD sib-celebratory-celebrations.verboseLogging=undefined (persistent) 
 While executing JS :30:23
[2026-09-18 11:42:58]	LOAD sib-celebratory-celebrations.densityPreset=undefined (persistent) 
 While executing JS :30:23
[2026-09-18 11:42:58]	LOAD sib-celebratory-celebrations.fadeOutSpeed=undefined (persistent) 
 While executing JS :30:23
[2026-09-18 11:42:58]	LOAD sib-celebratory-celebrations.sfxDuckVolume=undefined (persistent) 
 While executing JS :30:23
[2026-09-18 11:42:58]	LOAD sib-celebratory-celebrations.flavourOverride=undefined (persistent) 
 While executing JS :30:23
[2026-09-18 11:42:58]	LOAD sib-celebratory-celebrations.fanfareEndsAt=undefined (persistent) 
 While executing JS :30:23
[2026-09-18 11:42:58]	LOAD sib-celebratory-celebrations.showAdvancedOptions=undefined (persistent) 
 While executing JS :30:23
[2026-09-18 11:42:58]	LOAD sib-celebratory-celebrations.centreConcentration=undefined (persistent) 
 While executing JS :30:23
[2026-09-18 11:42:58]	LOAD sib-celebratory-celebrations.scatterRadius=undefined (persistent) 
 While executing JS :30:23
[2026-09-18 11:42:58]	LOAD sib-celebratory-celebrations.lanternCount=undefined (persistent) 
 While executing JS :30:23
[2026-09-18 11:42:58]	LOAD sib-celebratory-celebrations.cityBurstDuration=undefined (persistent) 
 While executing JS :30:23
[2026-09-18 11:42:58]	LOAD sib-celebratory-celebrations.updateTickRate=undefined (persistent) 
 While executing JS :30:23
[2026-09-18 11:42:58]	LOAD bz-map-trix.commanders=undefined (stored) 
 While executing JS :30:23
[2026-09-18 11:42:58]	LOAD bz-map-trix.commanders=2 (default) 
 While executing JS :30:23
[2026-09-18 11:42:58]	LOAD bz-map-trix.verbose=undefined (stored) 
 While executing JS :30:23
[2026-09-18 11:42:58]	LOAD bz-map-trix.verbose=2 (default) 
 While executing JS :30:23
[2026-09-18 11:42:58]	LOAD bz-map-trix.yieldBanner=undefined (stored) 
 While executing JS :30:23
[2026-09-18 11:42:58]	LOAD bz-map-trix.yieldBanner=1 (default) 
 While executing JS :30:23
[2026-09-18 11:42:58]	LOAD bz-city-hall.compact=undefined (stored) 
 While executing JS :30:23
[2026-09-18 11:42:58]	LOAD bz-city-hall.compact=1 (default) 
 While executing JS :30:23
[2026-09-18 11:42:58]	----------------------------------------------------------- 
 While executing JS :30:23
[2026-09-18 11:42:58]	SiBr3's Celebratory Celebrations  --  Options Module Loaded 
 While executing JS :30:23
[2026-09-18 11:42:58]	----------------------------------------------------------- 
 While executing JS :30:23
[2026-09-18 11:42:58]	LOAD sib-celebratory-celebrations.masterEnable=undefined (persistent) 
 While executing JS :30:23
[2026-09-18 11:42:58]	LOAD sib-celebratory-celebrations.playMusic=undefined (persistent) 
 While executing JS :30:23
[2026-09-18 11:42:58]	LOAD sib-celebratory-celebrations.persistentVfx=undefined (persistent) 
 While executing JS :30:23
[2026-09-18 11:42:58]	LOAD sib-celebratory-celebrations.showFireworks=undefined (persistent) 
 While executing JS :30:23
[2026-09-18 11:42:58]	LOAD sib-celebratory-celebrations.showArrows=undefined (persistent) 
 While executing JS :30:23
[2026-09-18 11:42:58]	LOAD sib-celebratory-celebrations.showConfetti=undefined (persistent) 
 While executing JS :30:23
[2026-09-18 11:42:58]	LOAD sib-celebratory-celebrations.showBirds=undefined (persistent) 
 While executing JS :30:23
[2026-09-18 11:42:58]	LOAD sib-celebratory-celebrations.showSmoke=undefined (persistent) 
 While executing JS :30:23
[2026-09-18 11:42:58]	LOAD sib-celebratory-celebrations.showPetals=undefined (persistent) 
 While executing JS :30:23
[2026-09-18 11:42:58]	LOAD sib-celebratory-celebrations.fireworksAlwaysUnlocked=undefined (persistent) 
 While executing JS :30:23
[2026-09-18 11:42:58]	LOAD sib-celebratory-celebrations.verboseLogging=undefined (persistent) 
 While executing JS :30:23
[2026-09-18 11:42:58]	LOAD sib-celebratory-celebrations.densityPreset=undefined (persistent) 
 While executing JS :30:23
[2026-09-18 11:42:58]	LOAD sib-celebratory-celebrations.fadeOutSpeed=undefined (persistent) 
 While executing JS :30:23
[2026-09-18 11:42:58]	LOAD sib-celebratory-celebrations.sfxDuckVolume=undefined (persistent) 
 While executing JS :30:23
[2026-09-18 11:42:58]	LOAD sib-celebratory-celebrations.flavourOverride=undefined (persistent) 
 While executing JS :30:23
[2026-09-18 11:42:58]	LOAD sib-celebratory-celebrations.fanfareEndsAt=undefined (persistent) 
 While executing JS :30:23
[2026-09-18 11:42:58]	LOAD sib-celebratory-celebrations.showAdvancedOptions=undefined (persistent) 
 While executing JS :30:23
[2026-09-18 11:42:58]	LOAD sib-celebratory-celebrations.centreConcentration=undefined (persistent) 
 While executing JS :30:23
[2026-09-18 11:42:58]	LOAD sib-celebratory-celebrations.scatterRadius=undefined (persistent) 
 While executing JS :30:23
[2026-09-18 11:42:58]	LOAD sib-celebratory-celebrations.lanternCount=undefined (persistent) 
 While executing JS :30:23
[2026-09-18 11:42:58]	LOAD sib-celebratory-celebrations.cityBurstDuration=undefined (persistent) 
 While executing JS :30:23
[2026-09-18 11:42:58]	LOAD sib-celebratory-celebrations.updateTickRate=undefined (persistent) 
 While executing JS :30:23
[2026-09-18 11:42:58]	----------------------------------------------------------- 
 While executing JS :30:23
[2026-09-18 11:42:58]	SiBr3's Celebratory Celebrations  --  Fanfare Script Loaded 
 While executing JS :30:23
[2026-09-18 11:42:58]	----------------------------------------------------------- 
 While executing JS :30:23
[2026-09-18 11:42:59]	continent-layer: nextColorIndex greater than number of colors in CONTINENT_COLORS 
 While executing JS :15:23
[2026-09-18 11:42:59]	Unable to parse declaration: display - inline-flex
[2026-09-18 11:42:59]	Custom CSS expressions are not supported in shorthand declaration, please use the long versions of the CSS property: background - var(--ia-frame-bg)
[2026-09-18 11:42:59]	Unable to parse shorthand declaration: background - currentColor
[2026-09-18 11:42:59]	Custom CSS expressions are not supported in shorthand declaration, please use the long versions of the CSS property: border-color - var(--ia-frame-border-hot)
[2026-09-18 11:42:59]	Unable to parse declaration: color - inherit
[2026-09-18 11:42:59]	Custom CSS expressions are not supported in shorthand declaration, please use the long versions of the CSS property: border-top - 0.18rem solid var(--ia-fxs-header)
[2026-09-18 11:42:59]	Custom CSS expressions are not supported in shorthand declaration, please use the long versions of the CSS property: border - 1px solid var(--ia-frame-border)
[2026-09-18 11:42:59]	Unable to parse declaration: display - inline-block
[2026-09-18 11:42:59]	dashed is not supported for border-style
[2026-09-18 11:42:59]	Custom CSS expressions are not supported in shorthand declaration, please use the long versions of the CSS property: border - 1px solid var(--ia-divider)
[2026-09-18 11:42:59]	Unable to parse declaration: position - sticky
[2026-09-18 11:42:59]	Unsupported CSS pseudo class selector encountered: empty
[2026-09-18 11:42:59]	Unable to parse shorthand declaration: background - currentColor
[2026-09-18 11:42:59]	Unable to parse declaration: background-image - repeating-linear-gradient(90deg,currentColor 0,currentColor 0.18rem,transparent 0.18rem,transparent 0.32rem)
[2026-09-18 11:42:59]	Unable to parse declaration: display - inline-block
[2026-09-18 11:42:59]	Unable to parse declaration: display - inline-block
[2026-09-18 11:42:59]	Unable to parse shorthand declaration: gap - clamp(0.3rem,1vh,0.6rem)
[2026-09-18 11:42:59]	Unable to parse shorthand declaration: padding - clamp(0.08rem,0.17vh,0.1rem) 0.55rem
[2026-09-18 11:42:59]	Unable to parse shorthand declaration: padding - clamp(0.2rem,0.67vh,0.4rem) 0.6rem 0
[2026-09-18 11:42:59]	Unable to parse shorthand declaration: gap - clamp(0.4rem,1.17vh,0.7rem)
[2026-09-18 11:42:59]	Unable to parse declaration: padding-bottom - clamp(0.2rem,0.67vh,0.4rem)
[2026-09-18 11:42:59]	Unable to parse declaration: min-height - clamp(1.95rem,4.33vh,2.6rem)
[2026-09-18 11:42:59]	Unable to parse shorthand declaration: padding - clamp(0.16rem,0.5vh,0.3rem) 1.1rem
[2026-09-18 11:42:59]	Unable to parse declaration: width - clamp(2.5rem,6vh,3.6rem)
[2026-09-18 11:42:59]	Unable to parse shorthand declaration: padding - clamp(0.3rem,0.92vh,0.55rem) 0.8rem clamp(0.4rem,1.17vh,0.7rem)
[2026-09-18 11:42:59]	Unable to parse declaration: height - clamp(2.5rem,6vh,3.6rem)
[2026-09-18 11:42:59]	Unable to parse declaration: margin-bottom - clamp(0.2rem,0.75vh,0.45rem)
[2026-09-18 11:42:59]	Unable to parse declaration: padding-bottom - clamp(0.5rem,1.67vh,1rem)
[2026-09-18 11:42:59]	Unable to parse declaration: height - clamp(5.7rem,12.5vh,7.5rem)
[2026-09-18 11:42:59]	Custom CSS expressions are not supported in shorthand declaration, please use the long versions of the CSS property: background - var(--ia-accent-gold)
[2026-09-18 11:42:59]	Custom CSS expressions are not supported in shorthand declaration, please use the long versions of the CSS property: border-bottom - 1px solid var(--ia-divider)
[2026-09-18 11:42:59]	Unable to parse declaration: display - inline-flex
[2026-09-18 11:42:59]	Custom CSS expressions are not supported in shorthand declaration, please use the long versions of the CSS property: border-bottom - 2px solid var(--ia-divider)
[2026-09-18 11:42:59]	Custom CSS expressions are not supported in shorthand declaration, please use the long versions of the CSS property: border - 2px solid var(--ia-frame-border-hot)
[2026-09-18 11:42:59]	Unable to parse declaration: display - -webkit-box
[2026-09-18 11:42:59]	Custom CSS expressions are not supported in shorthand declaration, please use the long versions of the CSS property: border-top - 1px solid var(--ia-divider)
[2026-09-18 11:42:59]	Custom CSS expressions are not supported in shorthand declaration, please use the long versions of the CSS property: background - var(--ia-frame-bg)
[2026-09-18 11:42:59]	Custom CSS expressions are not supported in shorthand declaration, please use the long versions of the CSS property: border - 1px solid var(--ia-divider)
[2026-09-18 11:42:59]	Custom CSS expressions are not supported in shorthand declaration, please use the long versions of the CSS property: border-right - 1px solid var(--ia-divider)
[2026-09-18 11:42:59]	Custom CSS expressions are not supported in shorthand declaration, please use the long versions of the CSS property: border-color - var(--ia-accent-gold-soft)
[2026-09-18 11:42:59]	Custom CSS expressions are not supported in shorthand declaration, please use the long versions of the CSS property: border-left - 3px solid var(--ia-frame-border)
[2026-09-18 11:42:59]	Custom CSS expressions are not supported in shorthand declaration, please use the long versions of the CSS property: border - 1px solid var(--ia-frame-border)
[2026-09-18 11:42:59]	Unable to parse declaration: display - inline-block
[2026-09-18 11:42:59]	Custom CSS expressions are not supported in shorthand declaration, please use the long versions of the CSS property: background - var(--ia-text-accent)
[2026-09-18 11:42:59]	Custom CSS expressions are not supported in shorthand declaration, please use the long versions of the CSS property: border - 2px solid var(--ia-frame-border)
[2026-09-18 11:42:59]	Unable to parse declaration: max-height - none
[2026-09-18 11:42:59]	HTML Parser Error@:fs://game/root-game.html@49:43: Tokenizer error with an unimplemented error message.
 While executing JS fs://game/core/ui/component-support.js:943:30
[2026-09-18 11:42:59]	bz-plot-tooltip: registered 
 While executing JS :30:23
[2026-09-18 11:42:59]	model-culture-tree: No available trees to generate 
 While executing JS :30:23
[2026-09-18 11:42:59]	model-tech-tree: No available trees to generate 
 While executing JS :30:23
[2026-09-18 11:42:59]	Trying to set "left" property to invalid value: -24
 While executing JS fs://game/base-standard/ui/unit-flags/unit-flags-independent-powers.js:150:35
[2026-09-18 11:42:59]	Trying to set "left" property to invalid value: -24
 While executing JS fs://game/base-standard/ui/unit-flags/unit-flags-independent-powers.js:150:35
[2026-09-18 11:42:59]	Trying to set "left" property to invalid value: -24
 While executing JS fs://game/base-standard/ui/unit-flags/unit-flags-independent-powers.js:150:35
[2026-09-18 11:42:59]	Trying to set "left" property to invalid value: -24
 While executing JS fs://game/base-standard/ui/unit-flags/unit-flags-independent-powers.js:150:35
[2026-09-18 11:42:59]	Trying to set "left" property to invalid value: -24
 While executing JS fs://game/base-standard/ui/unit-flags/unit-flags-independent-powers.js:150:35
[2026-09-18 11:42:59]	Trying to set "left" property to invalid value: -24
 While executing JS fs://game/base-standard/ui/unit-flags/unit-flags-independent-powers.js:150:35
[2026-09-18 11:42:59]	Trying to set "left" property to invalid value: -24
 While executing JS fs://game/base-standard/ui/unit-flags/unit-flags-independent-powers.js:150:35
[2026-09-18 11:42:59]	Trying to set "left" property to invalid value: -24
 While executing JS fs://game/base-standard/ui/unit-flags/unit-flags-independent-powers.js:150:35
[2026-09-18 11:42:59]	Trying to set "left" property to invalid value: -24
 While executing JS fs://game/base-standard/ui/unit-flags/unit-flags-independent-powers.js:150:35
[2026-09-18 11:42:59]	Trying to set "left" property to invalid value: -24
 While executing JS fs://game/base-standard/ui/unit-flags/unit-flags-independent-powers.js:150:35
[2026-09-18 11:42:59]	Trying to set "left" property to invalid value: -24
 While executing JS fs://game/base-standard/ui/unit-flags/unit-flags-independent-powers.js:150:35
[2026-09-18 11:42:59]	Trying to set "left" property to invalid value: -24
 While executing JS fs://game/base-standard/ui/unit-flags/unit-flags-independent-powers.js:150:35
[2026-09-18 11:42:59]	Trying to set "left" property to invalid value: -24
 While executing JS fs://game/base-standard/ui/unit-flags/unit-flags-independent-powers.js:150:35
[2026-09-18 11:42:59]	Trying to set "left" property to invalid value: -24
 While executing JS fs://game/base-standard/ui/unit-flags/unit-flags-independent-powers.js:150:35
[2026-09-18 11:42:59]	Trying to set "left" property to invalid value: -24
 While executing JS fs://game/base-standard/ui/unit-flags/unit-flags-independent-powers.js:150:35
[2026-09-18 11:42:59]	Trying to set "left" property to invalid value: -24
 While executing JS fs://game/base-standard/ui/unit-flags/unit-flags-independent-powers.js:150:35
[2026-09-18 11:42:59]	Trying to set "left" property to invalid value: -24
 While executing JS fs://game/base-standard/ui/unit-flags/unit-flags-independent-powers.js:150:35
[2026-09-18 11:42:59]	Trying to set "left" property to invalid value: -24
 While executing JS fs://game/base-standard/ui/unit-flags/unit-flags-independent-powers.js:150:35
[2026-09-18 11:42:59]	Trying to set "left" property to invalid value: -24
 While executing JS fs://game/base-standard/ui/unit-flags/unit-flags-independent-powers.js:150:35
[2026-09-18 11:42:59]	Trying to set "left" property to invalid value: -24
 While executing JS fs://game/base-standard/ui/unit-flags/unit-flags-independent-powers.js:150:35
[2026-09-18 11:42:59]	Trying to set "left" property to invalid value: -24
 While executing JS fs://game/base-standard/ui/unit-flags/unit-flags-independent-powers.js:150:35
[2026-09-18 11:42:59]	Trying to set "left" property to invalid value: -24
 While executing JS fs://game/base-standard/ui/unit-flags/unit-flags-independent-powers.js:150:35
[2026-09-18 11:42:59]	Trying to set "left" property to invalid value: -24
 While executing JS fs://game/base-standard/ui/unit-flags/unit-flags-independent-powers.js:150:35
[2026-09-18 11:42:59]	Trying to set "left" property to invalid value: -24
 While executing JS fs://game/base-standard/ui/unit-flags/unit-flags-independent-powers.js:150:35
[2026-09-18 11:42:59]	Trying to set "left" property to invalid value: -24
 While executing JS fs://game/base-standard/ui/unit-flags/unit-flags-independent-powers.js:150:35
[2026-09-18 11:42:59]	Trying to set "left" property to invalid value: -24
 While executing JS fs://game/base-standard/ui/unit-flags/unit-flags-independent-powers.js:150:35
[2026-09-18 11:42:59]	Trying to set "left" property to invalid value: -24
 While executing JS fs://game/base-standard/ui/unit-flags/unit-flags-independent-powers.js:150:35
[2026-09-18 11:42:59]	Trying to set "left" property to invalid value: -24
 While executing JS fs://game/base-standard/ui/unit-flags/unit-flags-independent-powers.js:150:35
[2026-09-18 11:42:59]	Trying to set "left" property to invalid value: -24
 While executing JS fs://game/base-standard/ui/unit-flags/unit-flags-independent-powers.js:150:35
[2026-09-18 11:42:59]	Trying to set "left" property to invalid value: -24
 While executing JS fs://game/base-standard/ui/unit-flags/unit-flags-independent-powers.js:150:35
[2026-09-18 11:42:59]	Trying to set "left" property to invalid value: -24
 While executing JS fs://game/base-standard/ui/unit-flags/unit-flags-independent-powers.js:150:35
[2026-09-18 11:42:59]	Trying to set "left" property to invalid value: -24
 While executing JS fs://game/base-standard/ui/unit-flags/unit-flags-independent-powers.js:150:35
[2026-09-18 11:42:59]	Trying to set "left" property to invalid value: -24
 While executing JS fs://game/base-standard/ui/unit-flags/unit-flags-independent-powers.js:150:35
[2026-09-18 11:42:59]	Trying to set "left" property to invalid value: -24
 While executing JS fs://game/base-standard/ui/unit-flags/unit-flags-independent-powers.js:150:35
[2026-09-18 11:42:59]	Trying to set "left" property to invalid value: -24
 While executing JS fs://game/base-standard/ui/unit-flags/unit-flags-independent-powers.js:150:35
[2026-09-18 11:42:59]	Trying to set "left" property to invalid value: -24
 While executing JS fs://game/base-standard/ui/unit-flags/unit-flags-independent-powers.js:150:35
[2026-09-18 11:42:59]	Trying to set "left" property to invalid value: -24
 While executing JS fs://game/base-standard/ui/unit-flags/unit-flags-independent-powers.js:150:35
[2026-09-18 11:42:59]	Trying to set "left" property to invalid value: -24
 While executing JS fs://game/base-standard/ui/unit-flags/unit-flags-independent-powers.js:150:35
[2026-09-18 11:42:59]	Trying to set "left" property to invalid value: -24
 While executing JS fs://game/base-standard/ui/unit-flags/unit-flags-independent-powers.js:150:35
[2026-09-18 11:42:59]	Trying to set "left" property to invalid value: -24
 While executing JS fs://game/base-standard/ui/unit-flags/unit-flags-independent-powers.js:150:35
[2026-09-18 11:42:59]	Trying to set "left" property to invalid value: -24
 While executing JS fs://game/base-standard/ui/unit-flags/unit-flags-independent-powers.js:150:35
[2026-09-18 11:42:59]	Trying to set "left" property to invalid value: -24
 While executing JS fs://game/base-standard/ui/unit-flags/unit-flags-independent-powers.js:150:35
[2026-09-18 11:42:59]	Trying to set "left" property to invalid value: -24
 While executing JS fs://game/base-standard/ui/unit-flags/unit-flags-independent-powers.js:150:35
[2026-09-18 11:42:59]	Trying to set "left" property to invalid value: -24
 While executing JS fs://game/base-standard/ui/unit-flags/unit-flags-independent-powers.js:150:35
[2026-09-18 11:42:59]	Trying to set "left" property to invalid value: -24
 While executing JS fs://game/base-standard/ui/unit-flags/unit-flags-independent-powers.js:150:35
[2026-09-18 11:42:59]	Trying to set "left" property to invalid value: -24
 While executing JS fs://game/base-standard/ui/unit-flags/unit-flags-independent-powers.js:150:35
[2026-09-18 11:42:59]	Trying to set "left" property to invalid value: -24
 While executing JS fs://game/base-standard/ui/unit-flags/unit-flags-independent-powers.js:150:35
[2026-09-18 11:42:59]	Trying to set "left" property to invalid value: -24
 While executing JS fs://game/base-standard/ui/unit-flags/unit-flags-independent-powers.js:150:35
[2026-09-18 11:42:59]	Trying to set "left" property to invalid value: -24
 While executing JS fs://game/base-standard/ui/unit-flags/unit-flags-independent-powers.js:150:35
[2026-09-18 11:42:59]	Trying to set "left" property to invalid value: -24
 While executing JS fs://game/base-standard/ui/unit-flags/unit-flags-independent-powers.js:150:35
[2026-09-18 11:42:59]	Trying to set "left" property to invalid value: -24
 While executing JS fs://game/base-standard/ui/unit-flags/unit-flags-independent-powers.js:150:35
[2026-09-18 11:42:59]	Failed to open file - mask_unitflag_army.png
[2026-09-18 11:42:59]	ResourceRequestJob | Failed loading resource: blp:mask_unitflag_army.png
[2026-09-18 11:42:59]	Failed to open file - mask_unitflag_combat.png
[2026-09-18 11:42:59]	ResourceRequestJob | Failed loading resource: blp:mask_unitflag_combat.png
[2026-09-18 11:42:59]	Failed to open file - mask_unitflag_civilian.png
[2026-09-18 11:42:59]	ResourceRequestJob | Failed loading resource: blp:mask_unitflag_civilian.png
[2026-09-18 11:42:59]	[Demographics.settings] read of 'modSettings' returned a value that is not a settings root (Coherent's getItem returns the first key in the store, not the key requested); skipping persistence this session rather than copying it back. Using in-memory values. 
 While executing JS :15:23
[2026-09-18 11:43:00]	[Emigration] enclave markers: repaint(init) painted=1 
[2026-09-18 11:43:03]	[Emigration] event type=1513725426 class=CLASS_VOLCANO sev=1 loc=16,31 affectedCities=2 m=0.60 spike=8.8 
[2026-09-18 11:43:04]	[Emigration] abandoned IMPROVEMENT_MING_GREAT_WALL at plot 2036 
 While executing JS :30:23
[2026-09-18 11:43:04]	[Emigration] abandoned IMPROVEMENT_WOODCUTTER at plot 2703 
 While executing JS :30:23
[2026-09-18 11:43:04]	[Emigration] abandoned IMPROVEMENT_EXPEDITION_BASE at plot 2802 
 While executing JS :30:23
[2026-09-18 11:43:04]	[Emigration] abandoned IMPROVEMENT_ORTOO at plot 1717 
 While executing JS :30:23
[2026-09-18 11:43:04]	[Emigration] BALANCE refugee concentration age=AGE_EXPLORATION civ=2 refugees=988778 share=65pct (>= 60) 
 While executing JS :30:23
[2026-09-18 11:43:04]	[Emigration] COUNTERS age=AGE_EXPLORATION passes=0 zeroMove=0 vol=0 volShare=0pct crisis=0[own=0 abroad=0] crossCiv=0pct return=0 attrition[trapped=0 fleeing=0] transit[razed=0 capped=0] arrivedIntoCrisis=0 pool[queued=5 settled=0] 
 While executing JS :30:23
[2026-09-18 11:43:04]	[Emigration] netdist [c0:pts=-2,ppl=-200993 c2:pts=-7,ppl=-71869 c4:pts=2,ppl=-97885 c8:pts=-1,ppl=-19085] thisPass: arrive>-/2 arrive>-/2 arrive>-/2 arrive>-/2 arrive>-/4 arrive>-/7 depart>7/- depart>7/- departX>8/- depart>0/- 
 While executing JS :30:23
[2026-09-18 11:43:04]	[Emigration] MIGRATION 27,000 people moved from Su Nuraxi to Duisburg 
 While executing JS :30:23
[2026-09-18 11:43:04]	[Emigration] MIGRATION 13,000 people moved from Risila to Duisburg 
 While executing JS :30:23
[2026-09-18 11:43:04]	[Emigration] EMIGRATION 19,000 people left Virata (Chola) for Duisburg (Chola) 
 While executing JS :30:23
[2026-09-18 11:43:04]	[Emigration] MIGRATION 114,000 people moved from Lāhainā to London 
 While executing JS :30:23
[2026-09-18 11:43:04]	[Emigration] pass (turn 72) 10 migs, 680ms 
 While executing JS :30:23
[2026-09-18 11:43:04]	[Emigration] enclave markers: repaint(PlayerTurnActivated) painted=1 
 While executing JS :30:23
[2026-09-18 11:43:05]	[Emigration] empty rural district cleared at plot 1717 
 While executing JS :30:23
[2026-09-18 11:43:05]	[Emigration] empty rural district cleared at plot 2036 
 While executing JS :30:23
[2026-09-18 11:43:05]	[Emigration] empty rural district cleared at plot 2703 
 While executing JS :30:23
[2026-09-18 11:43:05]	[Emigration] empty rural district cleared at plot 2802 
 While executing JS :30:23
[2026-09-18 11:43:05]	[Emigration] sweep cleared 4 empty rural districts 
 While executing JS :30:23
[2026-09-18 11:43:10]	Attempting to remove event-mgr-receive-focus event listener from a target WORLD-ANCHOR-TEXT that did not have the event listener registered.
 While executing JS fs://game/core/ui/component-support.js:560:15
[2026-09-18 11:43:10]	Attempting to remove event-mgr-lose-focus event listener from a target WORLD-ANCHOR-TEXT that did not have the event listener registered.
 While executing JS fs://game/core/ui/component-support.js:561:15
[2026-09-18 11:43:10]	Attempting to remove event-mgr-pop event listener from a target WORLD-ANCHOR-TEXT that did not have the event listener registered.
 While executing JS fs://game/core/ui/component-support.js:562:15
[2026-09-18 11:43:13]	[EmigTest] modtest149 run local=0 turn=72 emigrationBooted=object version=72|1 
 While executing JS :15:23
[2026-09-18 11:43:19]	[EmigTest] POPUP dismissing screen-tech-civic-complete 
 While executing JS :15:23
[2026-09-18 11:43:19]	Attempting to remove engine-input event listener from a target  that did not have the event listener registered.
 While executing JS fs://game/core/ui/component-support.js:266:16
[2026-09-18 11:43:19]	Attempting to remove engine-input event listener from a target  that did not have the event listener registered.
 While executing JS fs://game/core/ui/component-support.js:266:16
[2026-09-18 11:43:19]	Attempting to remove engine-input event listener from a target  that did not have the event listener registered.
 While executing JS fs://game/core/ui/component-support.js:266:16
[2026-09-18 11:43:19]	Attempting to remove engine-input event listener from a target  that did not have the event listener registered.
 While executing JS fs://game/core/ui/component-support.js:266:16
[2026-09-18 11:43:19]	Attempting to remove engine-input event listener from a target  that did not have the event listener registered.
 While executing JS fs://game/core/ui/component-support.js:266:16
[2026-09-18 11:43:19]	Attempting to remove engine-input event listener from a target  that did not have the event listener registered.
 While executing JS fs://game/core/ui/component-support.js:266:16
[2026-09-18 11:43:22]	[EmigTest] SETUP rostov=78,53 unowned={"x":2,"y":2} cityState=Kannauj@29,52 owner 11 madrid=64,45 orig 5 monte=75,14 orig 19 marker kind=major MapCities@enclave={"owner":4,"id":655368,"type":1} 
 While executing JS :15:23
[2026-09-18 11:43:22]	[EmigTest] SETUP sources=37 detectors=36 detectorsWithMarkerBefore=0 
 While executing JS :15:23
[2026-09-18 11:43:22]	[EmigTest] LEDGER edited; stamp "1" -> 2 
 While executing JS :15:23
[2026-09-18 11:43:22]	[EmigTest] ITEM2 before any turn detectorsWithMarker=0 [] transit=14 transitWithMix=4 transitCarryingMarker=0 sample=[] 
 While executing JS :15:23
[2026-09-18 11:43:37]	[EmigTest] O1 layer wrapped 
 While executing JS :15:23
[2026-09-18 11:43:45]	[EmigTest] ITEM1 turn 72 comp=["2:60","4:40"] enclaveTile=["2:92","4:8"] bestBulgarian=0.920 tiles=18 
 While executing JS :15:23
[2026-09-18 11:43:45]	[EmigTest] VERDICT item1 PASS (turn 72) enclave tile Bulgarian 0.920 vs city best 0.920 
 While executing JS :15:23
[2026-09-18 11:43:45]	Unable to resolve custom variable: dg-fs-85
[2026-09-18 11:43:47]	[EmigTest] HOVER i1-enclave "Rostov on Don · this tileBulgarian92%Norman8%" 
 While executing JS :15:23
[2026-09-18 11:43:47]	Unable to resolve custom variable: dg-fs-85
[2026-09-18 11:43:50]	[EmigTest] HOVER i1-centre "Rostov on Don · this tileBulgarian90%Norman10%" 
 While executing JS :15:23
[2026-09-18 11:43:50]	[EmigTest] SHOT i1-rostov 
 While executing JS :15:23
[2026-09-18 11:43:59]	[EmigTest] O1 before End Turn applyCalls=1 version=72|2 
 While executing JS :15:23
[2026-09-18 11:44:07]	[EmigTest] ENDTURN blocked (442844772), one Autoplay turn 
 While executing JS :15:23
[2026-09-18 11:44:07]	Tutorial: Autoplay started, auto-marking complete any active items. 
 While executing JS :30:23
[2026-09-18 11:44:07]	Unable to resolve custom variable: dg-fs-85
[2026-09-18 11:44:08]	Attempting to remove event-mgr-receive-focus event listener from a target UNIT-FLAG that did not have the event listener registered.
 While executing JS fs://game/core/ui/component-support.js:560:15
[2026-09-18 11:44:08]	Attempting to remove event-mgr-lose-focus event listener from a target UNIT-FLAG that did not have the event listener registered.
 While executing JS fs://game/core/ui/component-support.js:561:15
[2026-09-18 11:44:08]	Attempting to remove event-mgr-pop event listener from a target UNIT-FLAG that did not have the event listener registered.
 While executing JS fs://game/core/ui/component-support.js:562:15
[2026-09-18 11:44:08]	Attempting to remove event-mgr-receive-focus event listener from a target UNIT-FLAG that did not have the event listener registered.
 While executing JS fs://game/core/ui/component-support.js:560:15
[2026-09-18 11:44:08]	Attempting to remove event-mgr-lose-focus event listener from a target UNIT-FLAG that did not have the event listener registered.
 While executing JS fs://game/core/ui/component-support.js:561:15
[2026-09-18 11:44:08]	Attempting to remove event-mgr-pop event listener from a target UNIT-FLAG that did not have the event listener registered.
 While executing JS fs://game/core/ui/component-support.js:562:15
[2026-09-18 11:44:08]	Attempting to remove event-mgr-receive-focus event listener from a target UNIT-FLAG that did not have the event listener registered.
 While executing JS fs://game/core/ui/component-support.js:560:15
[2026-09-18 11:44:08]	Attempting to remove event-mgr-lose-focus event listener from a target UNIT-FLAG that did not have the event listener registered.
 While executing JS fs://game/core/ui/component-support.js:561:15
[2026-09-18 11:44:08]	Attempting to remove event-mgr-pop event listener from a target UNIT-FLAG that did not have the event listener registered.
 While executing JS fs://game/core/ui/component-support.js:562:15
[2026-09-18 11:44:08]	Attempting to remove event-mgr-receive-focus event listener from a target UNIT-FLAG that did not have the event listener registered.
 While executing JS fs://game/core/ui/component-support.js:560:15
[2026-09-18 11:44:08]	Attempting to remove event-mgr-lose-focus event listener from a target UNIT-FLAG that did not have the event listener registered.
 While executing JS fs://game/core/ui/component-support.js:561:15
[2026-09-18 11:44:08]	Attempting to remove event-mgr-pop event listener from a target UNIT-FLAG that did not have the event listener registered.
 While executing JS fs://game/core/ui/component-support.js:562:15
[2026-09-18 11:44:08]	Attempting to remove event-mgr-receive-focus event listener from a target UNIT-FLAG that did not have the event listener registered.
 While executing JS fs://game/core/ui/component-support.js:560:15
[2026-09-18 11:44:08]	Attempting to remove event-mgr-lose-focus event listener from a target UNIT-FLAG that did not have the event listener registered.
 While executing JS fs://game/core/ui/component-support.js:561:15
[2026-09-18 11:44:08]	Attempting to remove event-mgr-pop event listener from a target UNIT-FLAG that did not have the event listener registered.
 While executing JS fs://game/core/ui/component-support.js:562:15
[2026-09-18 11:44:08]	Attempting to remove event-mgr-receive-focus event listener from a target UNIT-FLAG that did not have the event listener registered.
 While executing JS fs://game/core/ui/component-support.js:560:15
[2026-09-18 11:44:08]	Attempting to remove event-mgr-lose-focus event listener from a target UNIT-FLAG that did not have the event listener registered.
 While executing JS fs://game/core/ui/component-support.js:561:15
[2026-09-18 11:44:08]	Attempting to remove event-mgr-pop event listener from a target UNIT-FLAG that did not have the event listener registered.
 While executing JS fs://game/core/ui/component-support.js:562:15
[2026-09-18 11:44:08]	Attempting to remove event-mgr-receive-focus event listener from a target UNIT-FLAG that did not have the event listener registered.
 While executing JS fs://game/core/ui/component-support.js:560:15
[2026-09-18 11:44:08]	Attempting to remove event-mgr-lose-focus event listener from a target UNIT-FLAG that did not have the event listener registered.
 While executing JS fs://game/core/ui/component-support.js:561:15
[2026-09-18 11:44:08]	Attempting to remove event-mgr-pop event listener from a target UNIT-FLAG that did not have the event listener registered.
 While executing JS fs://game/core/ui/component-support.js:562:15
[2026-09-18 11:44:08]	Attempting to remove event-mgr-receive-focus event listener from a target UNIT-FLAG that did not have the event listener registered.
 While executing JS fs://game/core/ui/component-support.js:560:15
[2026-09-18 11:44:08]	Attempting to remove event-mgr-lose-focus event listener from a target UNIT-FLAG that did not have the event listener registered.
 While executing JS fs://game/core/ui/component-support.js:561:15
[2026-09-18 11:44:08]	Attempting to remove event-mgr-pop event listener from a target UNIT-FLAG that did not have the event listener registered.
 While executing JS fs://game/core/ui/component-support.js:562:15
[2026-09-18 11:44:08]	Attempting to remove event-mgr-receive-focus event listener from a target UNIT-FLAG that did not have the event listener registered.
 While executing JS fs://game/core/ui/component-support.js:560:15
[2026-09-18 11:44:08]	Attempting to remove event-mgr-lose-focus event listener from a target UNIT-FLAG that did not have the event listener registered.
 While executing JS fs://game/core/ui/component-support.js:561:15
[2026-09-18 11:44:08]	Attempting to remove event-mgr-pop event listener from a target UNIT-FLAG that did not have the event listener registered.
 While executing JS fs://game/core/ui/component-support.js:562:15
[2026-09-18 11:44:08]	Attempting to remove event-mgr-receive-focus event listener from a target UNIT-FLAG that did not have the event listener registered.
 While executing JS fs://game/core/ui/component-support.js:560:15
[2026-09-18 11:44:08]	Attempting to remove event-mgr-lose-focus event listener from a target UNIT-FLAG that did not have the event listener registered.
 While executing JS fs://game/core/ui/component-support.js:561:15
[2026-09-18 11:44:08]	Attempting to remove event-mgr-pop event listener from a target UNIT-FLAG that did not have the event listener registered.
 While executing JS fs://game/core/ui/component-support.js:562:15
[2026-09-18 11:44:08]	Attempting to remove event-mgr-receive-focus event listener from a target UNIT-FLAG that did not have the event listener registered.
 While executing JS fs://game/core/ui/component-support.js:560:15
[2026-09-18 11:44:08]	Attempting to remove event-mgr-lose-focus event listener from a target UNIT-FLAG that did not have the event listener registered.
 While executing JS fs://game/core/ui/component-support.js:561:15
[2026-09-18 11:44:08]	Attempting to remove event-mgr-pop event listener from a target UNIT-FLAG that did not have the event listener registered.
 While executing JS fs://game/core/ui/component-support.js:562:15
[2026-09-18 11:44:08]	Attempting to remove event-mgr-receive-focus event listener from a target UNIT-FLAG that did not have the event listener registered.
 While executing JS fs://game/core/ui/component-support.js:560:15
[2026-09-18 11:44:08]	Attempting to remove event-mgr-lose-focus event listener from a target UNIT-FLAG that did not have the event listener registered.
 While executing JS fs://game/core/ui/component-support.js:561:15
[2026-09-18 11:44:08]	Attempting to remove event-mgr-pop event listener from a target UNIT-FLAG that did not have the event listener registered.
 While executing JS fs://game/core/ui/component-support.js:562:15
[2026-09-18 11:44:08]	Attempting to remove event-mgr-receive-focus event listener from a target UNIT-FLAG that did not have the event listener registered.
 While executing JS fs://game/core/ui/component-support.js:560:15
[2026-09-18 11:44:08]	Attempting to remove event-mgr-lose-focus event listener from a target UNIT-FLAG that did not have the event listener registered.
 While executing JS fs://game/core/ui/component-support.js:561:15
[2026-09-18 11:44:08]	Attempting to remove event-mgr-pop event listener from a target UNIT-FLAG that did not have the event listener registered.
 While executing JS fs://game/core/ui/component-support.js:562:15
[2026-09-18 11:44:08]	Attempting to remove event-mgr-receive-focus event listener from a target UNIT-FLAG that did not have the event listener registered.
 While executing JS fs://game/core/ui/component-support.js:560:15
[2026-09-18 11:44:08]	Attempting to remove event-mgr-lose-focus event listener from a target UNIT-FLAG that did not have the event listener registered.
 While executing JS fs://game/core/ui/component-support.js:561:15
[2026-09-18 11:44:08]	Attempting to remove event-mgr-pop event listener from a target UNIT-FLAG that did not have the event listener registered.
 While executing JS fs://game/core/ui/component-support.js:562:15
[2026-09-18 11:44:08]	[Emigration] enclave markers: repaint(ConstructibleAddedToMap) skipped: world not readable yet 
 While executing JS :30:23
[2026-09-18 11:44:10]	Failed attempt to get a unit for unit flag:  UNIT:2:2359309 
 While executing JS :15:23
[2026-09-18 11:44:10]	Failed attempt to get a unit for unit flag:  UNIT:2:2359309 
 While executing JS :15:23
[2026-09-18 11:44:10]	Attempting to remove event-mgr-receive-focus event listener from a target UNIT-FLAG that did not have the event listener registered.
 While executing JS fs://game/core/ui/component-support.js:560:15
[2026-09-18 11:44:10]	Attempting to remove event-mgr-lose-focus event listener from a target UNIT-FLAG that did not have the event listener registered.
 While executing JS fs://game/core/ui/component-support.js:561:15
[2026-09-18 11:44:10]	Attempting to remove event-mgr-pop event listener from a target UNIT-FLAG that did not have the event listener registered.
 While executing JS fs://game/core/ui/component-support.js:562:15
[2026-09-18 11:44:10]	[Emigration] enclave markers: repaint(PlayerTurnActivated) skipped: world not readable yet 
 While executing JS :30:23
[2026-09-18 11:44:10]	model-great-works: update() - no local player found! 
 While executing JS :15:23
[2026-09-18 11:44:10]	Failed attempt to get a unit for unit flag:  UNIT:4:2818059 
 While executing JS :15:23
[2026-09-18 11:44:10]	Failed attempt to get a unit for unit flag:  UNIT:4:2818059 
 While executing JS :15:23
[2026-09-18 11:44:10]	Attempting to remove event-mgr-receive-focus event listener from a target UNIT-FLAG that did not have the event listener registered.
 While executing JS fs://game/core/ui/component-support.js:560:15
[2026-09-18 11:44:10]	Attempting to remove event-mgr-lose-focus event listener from a target UNIT-FLAG that did not have the event listener registered.
 While executing JS fs://game/core/ui/component-support.js:561:15
[2026-09-18 11:44:10]	Attempting to remove event-mgr-pop event listener from a target UNIT-FLAG that did not have the event listener registered.
 While executing JS fs://game/core/ui/component-support.js:562:15
[2026-09-18 11:44:10]	Attempting to remove event-mgr-receive-focus event listener from a target UNIT-FLAG that did not have the event listener registered.
 While executing JS fs://game/core/ui/component-support.js:560:15
[2026-09-18 11:44:10]	Attempting to remove event-mgr-lose-focus event listener from a target UNIT-FLAG that did not have the event listener registered.
 While executing JS fs://game/core/ui/component-support.js:561:15
[2026-09-18 11:44:10]	Attempting to remove event-mgr-pop event listener from a target UNIT-FLAG that did not have the event listener registered.
 While executing JS fs://game/core/ui/component-support.js:562:15
[2026-09-18 11:44:10]	Attempting to remove event-mgr-receive-focus event listener from a target UNIT-FLAG that did not have the event listener registered.
 While executing JS fs://game/core/ui/component-support.js:560:15
[2026-09-18 11:44:10]	Attempting to remove event-mgr-lose-focus event listener from a target UNIT-FLAG that did not have the event listener registered.
 While executing JS fs://game/core/ui/component-support.js:561:15
[2026-09-18 11:44:10]	Attempting to remove event-mgr-pop event listener from a target UNIT-FLAG that did not have the event listener registered.
 While executing JS fs://game/core/ui/component-support.js:562:15
[2026-09-18 11:44:10]	Attempting to remove event-mgr-receive-focus event listener from a target UNIT-FLAG that did not have the event listener registered.
 While executing JS fs://game/core/ui/component-support.js:560:15
[2026-09-18 11:44:10]	Attempting to remove event-mgr-lose-focus event listener from a target UNIT-FLAG that did not have the event listener registered.
 While executing JS fs://game/core/ui/component-support.js:561:15
[2026-09-18 11:44:10]	Attempting to remove event-mgr-pop event listener from a target UNIT-FLAG that did not have the event listener registered.
 While executing JS fs://game/core/ui/component-support.js:562:15
[2026-09-18 11:44:10]	Attempting to remove event-mgr-receive-focus event listener from a target UNIT-FLAG that did not have the event listener registered.
 While executing JS fs://game/core/ui/component-support.js:560:15
[2026-09-18 11:44:10]	Attempting to remove event-mgr-lose-focus event listener from a target UNIT-FLAG that did not have the event listener registered.
 While executing JS fs://game/core/ui/component-support.js:561:15
[2026-09-18 11:44:10]	Attempting to remove event-mgr-pop event listener from a target UNIT-FLAG that did not have the event listener registered.
 While executing JS fs://game/core/ui/component-support.js:562:15
[2026-09-18 11:44:11]	[Emigration] enclave markers: repaint(PlayerTurnActivated) skipped: world not readable yet 
 While executing JS :30:23
[2026-09-18 11:44:11]	Attempting to remove event-mgr-receive-focus event listener from a target UNIT-FLAG that did not have the event listener registered.
 While executing JS fs://game/core/ui/component-support.js:560:15
[2026-09-18 11:44:11]	Attempting to remove event-mgr-lose-focus event listener from a target UNIT-FLAG that did not have the event listener registered.
 While executing JS fs://game/core/ui/component-support.js:561:15
[2026-09-18 11:44:11]	Attempting to remove event-mgr-pop event listener from a target UNIT-FLAG that did not have the event listener registered.
 While executing JS fs://game/core/ui/component-support.js:562:15
[2026-09-18 11:44:11]	Attempting to remove event-mgr-receive-focus event listener from a target UNIT-FLAG that did not have the event listener registered.
 While executing JS fs://game/core/ui/component-support.js:560:15
[2026-09-18 11:44:11]	Attempting to remove event-mgr-lose-focus event listener from a target UNIT-FLAG that did not have the event listener registered.
 While executing JS fs://game/core/ui/component-support.js:561:15
[2026-09-18 11:44:11]	Attempting to remove event-mgr-pop event listener from a target UNIT-FLAG that did not have the event listener registered.
 While executing JS fs://game/core/ui/component-support.js:562:15
[2026-09-18 11:44:11]	Attempting to remove event-mgr-receive-focus event listener from a target UNIT-FLAG that did not have the event listener registered.
 While executing JS fs://game/core/ui/component-support.js:560:15
[2026-09-18 11:44:11]	Attempting to remove event-mgr-lose-focus event listener from a target UNIT-FLAG that did not have the event listener registered.
 While executing JS fs://game/core/ui/component-support.js:561:15
[2026-09-18 11:44:11]	Attempting to remove event-mgr-pop event listener from a target UNIT-FLAG that did not have the event listener registered.
 While executing JS fs://game/core/ui/component-support.js:562:15
[2026-09-18 11:44:11]	Attempting to remove event-mgr-receive-focus event listener from a target UNIT-FLAG that did not have the event listener registered.
 While executing JS fs://game/core/ui/component-support.js:560:15
[2026-09-18 11:44:11]	Attempting to remove event-mgr-lose-focus event listener from a target UNIT-FLAG that did not have the event listener registered.
 While executing JS fs://game/core/ui/component-support.js:561:15
[2026-09-18 11:44:11]	Attempting to remove event-mgr-pop event listener from a target UNIT-FLAG that did not have the event listener registered.
 While executing JS fs://game/core/ui/component-support.js:562:15
[2026-09-18 11:44:11]	[Emigration] enclave markers: repaint(PlayerTurnActivated) skipped: world not readable yet 
 While executing JS :30:23
[2026-09-18 11:44:11]	model-great-works: update() - no local player found! 
 While executing JS :15:23
[2026-09-18 11:44:11]	Attempting to remove event-mgr-receive-focus event listener from a target UNIT-FLAG that did not have the event listener registered.
 While executing JS fs://game/core/ui/component-support.js:560:15
[2026-09-18 11:44:11]	Attempting to remove event-mgr-lose-focus event listener from a target UNIT-FLAG that did not have the event listener registered.
 While executing JS fs://game/core/ui/component-support.js:561:15
[2026-09-18 11:44:11]	Attempting to remove event-mgr-pop event listener from a target UNIT-FLAG that did not have the event listener registered.
 While executing JS fs://game/core/ui/component-support.js:562:15
[2026-09-18 11:44:11]	Attempting to remove event-mgr-receive-focus event listener from a target UNIT-FLAG that did not have the event listener registered.
 While executing JS fs://game/core/ui/component-support.js:560:15
[2026-09-18 11:44:11]	Attempting to remove event-mgr-lose-focus event listener from a target UNIT-FLAG that did not have the event listener registered.
 While executing JS fs://game/core/ui/component-support.js:561:15
[2026-09-18 11:44:11]	Attempting to remove event-mgr-pop event listener from a target UNIT-FLAG that did not have the event listener registered.
 While executing JS fs://game/core/ui/component-support.js:562:15
[2026-09-18 11:44:11]	[Emigration] enclave markers: repaint(PlayerTurnActivated) skipped: world not readable yet 
 While executing JS :30:23
[2026-09-18 11:44:12]	Failed attempt to get a unit for unit flag:  UNIT:9:1245202 
 While executing JS :15:23
[2026-09-18 11:44:12]	Attempting to remove event-mgr-receive-focus event listener from a target UNIT-FLAG that did not have the event listener registered.
 While executing JS fs://game/core/ui/component-support.js:560:15
[2026-09-18 11:44:12]	Attempting to remove event-mgr-lose-focus event listener from a target UNIT-FLAG that did not have the event listener registered.
 While executing JS fs://game/core/ui/component-support.js:561:15
[2026-09-18 11:44:12]	Attempting to remove event-mgr-pop event listener from a target UNIT-FLAG that did not have the event listener registered.
 While executing JS fs://game/core/ui/component-support.js:562:15
[2026-09-18 11:44:12]	Failed attempt to get a unit for unit flag:  UNIT:25:393221 
 While executing JS :15:23
[2026-09-18 11:44:12]	Attempting to remove event-mgr-receive-focus event listener from a target UNIT-FLAG that did not have the event listener registered.
 While executing JS fs://game/core/ui/component-support.js:560:15
[2026-09-18 11:44:12]	Attempting to remove event-mgr-lose-focus event listener from a target UNIT-FLAG that did not have the event listener registered.
 While executing JS fs://game/core/ui/component-support.js:561:15
[2026-09-18 11:44:12]	Attempting to remove event-mgr-pop event listener from a target UNIT-FLAG that did not have the event listener registered.
 While executing JS fs://game/core/ui/component-support.js:562:15
[2026-09-18 11:44:12]	Attempting to remove event-mgr-receive-focus event listener from a target UNIT-FLAG that did not have the event listener registered.
 While executing JS fs://game/core/ui/component-support.js:560:15
[2026-09-18 11:44:12]	Attempting to remove event-mgr-lose-focus event listener from a target UNIT-FLAG that did not have the event listener registered.
 While executing JS fs://game/core/ui/component-support.js:561:15
[2026-09-18 11:44:12]	Attempting to remove event-mgr-pop event listener from a target UNIT-FLAG that did not have the event listener registered.
 While executing JS fs://game/core/ui/component-support.js:562:15
[2026-09-18 11:44:12]	Attempting to remove event-mgr-receive-focus event listener from a target UNIT-FLAG that did not have the event listener registered.
 While executing JS fs://game/core/ui/component-support.js:560:15
[2026-09-18 11:44:12]	Attempting to remove event-mgr-lose-focus event listener from a target UNIT-FLAG that did not have the event listener registered.
 While executing JS fs://game/core/ui/component-support.js:561:15
[2026-09-18 11:44:12]	Attempting to remove event-mgr-pop event listener from a target UNIT-FLAG that did not have the event listener registered.
 While executing JS fs://game/core/ui/component-support.js:562:15
[2026-09-18 11:44:12]	Attempting to remove event-mgr-receive-focus event listener from a target UNIT-FLAG that did not have the event listener registered.
 While executing JS fs://game/core/ui/component-support.js:560:15
[2026-09-18 11:44:12]	Attempting to remove event-mgr-lose-focus event listener from a target UNIT-FLAG that did not have the event listener registered.
 While executing JS fs://game/core/ui/component-support.js:561:15
[2026-09-18 11:44:12]	Attempting to remove event-mgr-pop event listener from a target UNIT-FLAG that did not have the event listener registered.
 While executing JS fs://game/core/ui/component-support.js:562:15
[2026-09-18 11:44:12]	Attempting to remove event-mgr-receive-focus event listener from a target UNIT-FLAG that did not have the event listener registered.
 While executing JS fs://game/core/ui/component-support.js:560:15
[2026-09-18 11:44:12]	Attempting to remove event-mgr-lose-focus event listener from a target UNIT-FLAG that did not have the event listener registered.
 While executing JS fs://game/core/ui/component-support.js:561:15
[2026-09-18 11:44:12]	Attempting to remove event-mgr-pop event listener from a target UNIT-FLAG that did not have the event listener registered.
 While executing JS fs://game/core/ui/component-support.js:562:15
[2026-09-18 11:44:12]	Failed attempt to get a unit for unit flag:  UNIT:6:2949162 
 While executing JS :15:23
[2026-09-18 11:44:12]	Attempting to remove event-mgr-receive-focus event listener from a target UNIT-FLAG that did not have the event listener registered.
 While executing JS fs://game/core/ui/component-support.js:560:15
[2026-09-18 11:44:12]	Attempting to remove event-mgr-lose-focus event listener from a target UNIT-FLAG that did not have the event listener registered.
 While executing JS fs://game/core/ui/component-support.js:561:15
[2026-09-18 11:44:12]	Attempting to remove event-mgr-pop event listener from a target UNIT-FLAG that did not have the event listener registered.
 While executing JS fs://game/core/ui/component-support.js:562:15
[2026-09-18 11:44:12]	[Emigration] enclave markers: repaint(PlayerTurnActivated) skipped: world not readable yet 
 While executing JS :30:23
[2026-09-18 11:44:12]	Failed attempt to get a unit for unit flag:  UNIT:9:1703959 
 While executing JS :15:23
[2026-09-18 11:44:12]	Failed attempt to get a unit for unit flag:  UNIT:9:1703959 
 While executing JS :15:23
[2026-09-18 11:44:12]	Failed attempt to get a unit for unit flag:  UNIT:9:1900571 
 While executing JS :15:23
[2026-09-18 11:44:12]	Failed attempt to get a unit for unit flag:  UNIT:9:1900571 
 While executing JS :15:23
[2026-09-18 11:44:12]	Failed attempt to get a unit for unit flag:  UNIT:9:1703959 
 While executing JS :15:23
[2026-09-18 11:44:12]	Attempting to remove event-mgr-receive-focus event listener from a target UNIT-FLAG that did not have the event listener registered.
 While executing JS fs://game/core/ui/component-support.js:560:15
[2026-09-18 11:44:12]	Attempting to remove event-mgr-lose-focus event listener from a target UNIT-FLAG that did not have the event listener registered.
 While executing JS fs://game/core/ui/component-support.js:561:15
[2026-09-18 11:44:12]	Attempting to remove event-mgr-pop event listener from a target UNIT-FLAG that did not have the event listener registered.
 While executing JS fs://game/core/ui/component-support.js:562:15
[2026-09-18 11:44:12]	Failed attempt to get a unit for unit flag:  UNIT:8:3145775 
 While executing JS :15:23
[2026-09-18 11:44:12]	Attempting to remove event-mgr-receive-focus event listener from a target UNIT-FLAG that did not have the event listener registered.
 While executing JS fs://game/core/ui/component-support.js:560:15
[2026-09-18 11:44:12]	Attempting to remove event-mgr-lose-focus event listener from a target UNIT-FLAG that did not have the event listener registered.
 While executing JS fs://game/core/ui/component-support.js:561:15
[2026-09-18 11:44:12]	Attempting to remove event-mgr-pop event listener from a target UNIT-FLAG that did not have the event listener registered.
 While executing JS fs://game/core/ui/component-support.js:562:15
[2026-09-18 11:44:12]	Failed attempt to get a unit for unit flag:  UNIT:9:1900571 
 While executing JS :15:23
[2026-09-18 11:44:12]	Attempting to remove event-mgr-receive-focus event listener from a target UNIT-FLAG that did not have the event listener registered.
 While executing JS fs://game/core/ui/component-support.js:560:15
[2026-09-18 11:44:12]	Attempting to remove event-mgr-lose-focus event listener from a target UNIT-FLAG that did not have the event listener registered.
 While executing JS fs://game/core/ui/component-support.js:561:15
[2026-09-18 11:44:12]	Attempting to remove event-mgr-pop event listener from a target UNIT-FLAG that did not have the event listener registered.
 While executing JS fs://game/core/ui/component-support.js:562:15
[2026-09-18 11:44:12]	Attempting to remove event-mgr-receive-focus event listener from a target UNIT-FLAG that did not have the event listener registered.
 While executing JS fs://game/core/ui/component-support.js:560:15
[2026-09-18 11:44:12]	Attempting to remove event-mgr-lose-focus event listener from a target UNIT-FLAG that did not have the event listener registered.
 While executing JS fs://game/core/ui/component-support.js:561:15
[2026-09-18 11:44:12]	Attempting to remove event-mgr-pop event listener from a target UNIT-FLAG that did not have the event listener registered.
 While executing JS fs://game/core/ui/component-support.js:562:15
[2026-09-18 11:44:12]	Attempting to remove event-mgr-receive-focus event listener from a target UNIT-FLAG that did not have the event listener registered.
 While executing JS fs://game/core/ui/component-support.js:560:15
[2026-09-18 11:44:12]	Attempting to remove event-mgr-lose-focus event listener from a target UNIT-FLAG that did not have the event listener registered.
 While executing JS fs://game/core/ui/component-support.js:561:15
[2026-09-18 11:44:12]	Attempting to remove event-mgr-pop event listener from a target UNIT-FLAG that did not have the event listener registered.
 While executing JS fs://game/core/ui/component-support.js:562:15
[2026-09-18 11:44:12]	[Emigration] enclave markers: repaint(PlayerTurnActivated) skipped: world not readable yet 
 While executing JS :30:23
[2026-09-18 11:44:12]	Failed attempt to get a unit for unit flag:  UNIT:12:393218 
 While executing JS :15:23
[2026-09-18 11:44:12]	Failed attempt to get a unit for unit flag:  UNIT:12:393218 
 While executing JS :15:23
[2026-09-18 11:44:12]	Failed attempt to get a unit for unit flag:  UNIT:12:393218 
 While executing JS :15:23
[2026-09-18 11:44:12]	Failed attempt to get a unit for unit flag:  UNIT:12:393218 
 While executing JS :15:23
[2026-09-18 11:44:12]	Failed attempt to get a unit for unit flag:  UNIT:12:393218 
 While executing JS :15:23
[2026-09-18 11:44:12]	JS Error: fs://game/base-standard/ui/unit-flags/privateer-flags.js:38: TypeError: Cannot read properties of null (reading 'Health')
[2026-09-18 11:44:12]	JS Error (Line):     if (this.privateerContainer != void 0 && this.unit.Health) {
[2026-09-18 11:44:12]	JS Error (Stack): TypeError: Cannot read properties of null (reading 'Health')
    at PrivateerFlag.updateHealth (fs://game/base-standard/ui/unit-flags/privateer-flags.js:38:56)
    at UnitFlagManager.onUnitDamageChanged (fs://game/base-standard/ui/unit-flags/unit-flag-manager.js:290:14)
[2026-09-18 11:44:12]	Attempting to remove event-mgr-receive-focus event listener from a target PRIVATEER-FLAG that did not have the event listener registered.
 While executing JS fs://game/core/ui/component-support.js:560:15
[2026-09-18 11:44:12]	Attempting to remove event-mgr-lose-focus event listener from a target PRIVATEER-FLAG that did not have the event listener registered.
 While executing JS fs://game/core/ui/component-support.js:561:15
[2026-09-18 11:44:12]	Attempting to remove event-mgr-pop event listener from a target PRIVATEER-FLAG that did not have the event listener registered.
 While executing JS fs://game/core/ui/component-support.js:562:15
[2026-09-18 11:44:12]	[Emigration] enclave markers: repaint(PlayerTurnActivated) skipped: world not readable yet 
 While executing JS :30:23
[2026-09-18 11:44:13]	[Emigration] enclave markers: repaint(PlayerTurnActivated) skipped: world not readable yet 
 While executing JS :30:23
[2026-09-18 11:44:13]	[Emigration] enclave markers: repaint(PlayerTurnActivated) skipped: world not readable yet 
 While executing JS :30:23
[2026-09-18 11:44:13]	[Emigration] enclave markers: repaint(PlayerTurnActivated) skipped: world not readable yet 
 While executing JS :30:23
[2026-09-18 11:44:14]	[Emigration] enclave markers: repaint(PlayerTurnActivated) skipped: world not readable yet 
 While executing JS :30:23
[2026-09-18 11:44:14]	[Emigration] enclave markers: repaint(PlayerTurnActivated) skipped: world not readable yet 
 While executing JS :30:23
[2026-09-18 11:44:14]	[Emigration] enclave markers: repaint(PlayerTurnActivated) painted=1 
 While executing JS :30:23
[2026-09-18 11:44:16]	[Emigration] event type=-1252595305 class=CLASS_VOLCANO sev=1 loc=24,49 affectedCities=1 m=0.40 spike=6.9 
 While executing JS :30:23
[2026-09-18 11:44:16]	[Emigration] enclave markers: repaint(ConstructibleAddedToMap) painted=1 
[2026-09-18 11:44:16]	[EmigTest] TURN activated n=1 turn=73 activeLens=emig-ethnicity-lens 
 While executing JS :15:23
[2026-09-18 11:44:17]	[Emigration] abandoned IMPROVEMENT_MING_GREAT_WALL at plot 2799 
 While executing JS :30:23
[2026-09-18 11:44:17]	[Emigration] abandoned IMPROVEMENT_FISHING_BOAT at plot 988 
 While executing JS :30:23
[2026-09-18 11:44:17]	[Emigration] abandoned IMPROVEMENT_EXPEDITION_BASE at plot 2900 
 While executing JS :30:23
[2026-09-18 11:44:17]	[Emigration] abandoned IMPROVEMENT_WOODCUTTER at plot 4729 
 While executing JS :30:23
[2026-09-18 11:44:17]	[Emigration] abandoned IMPROVEMENT_MINE at plot 3759 
 While executing JS :30:23
[2026-09-18 11:44:17]	[Emigration] abandoned IMPROVEMENT_WOODCUTTER at plot 4046 
 While executing JS :30:23
[2026-09-18 11:44:17]	[Emigration] abandoned IMPROVEMENT_FARM at plot 3621 
 While executing JS :30:23
[2026-09-18 11:44:17]	[Emigration] abandoned IMPROVEMENT_WOODCUTTER at plot 4008 
 While executing JS :30:23
[2026-09-18 11:44:17]	[Emigration] enclave placed IMPROVEMENT_THING for IMPROVEMENT_EMIG_ENCLAVE_ABBASID_A at plot 2195 (new rural district) 
 While executing JS :30:23
[2026-09-18 11:44:17]	[Emigration] enclave ESTABLISHED Abbasid Enclave in Lihu'e at 82,23 (host 0, tile IMPROVEMENT_THING); host gains +4 Happiness 
 While executing JS :30:23
[2026-09-18 11:44:17]	Unable to parse declaration: white-space - pre-line
 While executing JS fs://game/emigration/ui/emigration-feedback.js:199:19
[2026-09-18 11:44:17]	[Emigration] enclave placed IMPROVEMENT_THING for IMPROVEMENT_EMIG_ENCLAVE_ABBASID_A at plot 2299 (new rural district) 
 While executing JS :30:23
[2026-09-18 11:44:17]	[Emigration] enclave ESTABLISHED Abbasid Enclave in Leeds at 93,26 (host 0, tile IMPROVEMENT_THING); host gains +4 Happiness 
 While executing JS :30:23
[2026-09-18 11:44:17]	[Emigration] enclave placed IMPROVEMENT_CARAVANSERAI for IMPROVEMENT_EMIG_ENCLAVE_SPAIN_A at plot 4193 (new rural district) 
 While executing JS :30:23
[2026-09-18 11:44:17]	[Emigration] enclave ESTABLISHED Spanish Enclave in Madrid at 64,45 (host 0, tile IMPROVEMENT_CARAVANSERAI); host gains +5 Gold 
 While executing JS :30:23
[2026-09-18 11:44:17]	[Emigration] enclave placed IMPROVEMENT_THING for IMPROVEMENT_EMIG_ENCLAVE_ABBASID_A at plot 5444 replacing IMPROVEMENT_WOODCUTTER 
 While executing JS :30:23
[2026-09-18 11:44:17]	[Emigration] enclave ESTABLISHED Abbasid Enclave in St. Petersburg at 70,54 (host 2, tile IMPROVEMENT_THING); host gains +4 Happiness 
 While executing JS :30:23
[2026-09-18 11:44:17]	[Emigration] enclave placed IMPROVEMENT_THING for IMPROVEMENT_EMIG_ENCLAVE_ABBASID_A at plot 4970 (new rural district) 
 While executing JS :30:23
[2026-09-18 11:44:17]	[Emigration] enclave ESTABLISHED Abbasid Enclave in Preslav at 74,52 (host 2, tile IMPROVEMENT_THING); host gains +4 Happiness 
 While executing JS :30:23
[2026-09-18 11:44:17]	[Emigration] enclave placed IMPROVEMENT_THING for IMPROVEMENT_EMIG_ENCLAVE_ABBASID_A at plot 4211 (new rural district) 
 While executing JS :30:23
[2026-09-18 11:44:17]	[Emigration] enclave ESTABLISHED Abbasid Enclave in Bordeaux at 83,44 (host 4, tile IMPROVEMENT_THING); host gains +4 Happiness 
 While executing JS :30:23
[2026-09-18 11:44:17]	[Emigration] enclave placed IMPROVEMENT_THING for IMPROVEMENT_EMIG_ENCLAVE_ABBASID_A at plot 4502 (new rural district) 
 While executing JS :30:23
[2026-09-18 11:44:17]	[Emigration] enclave ESTABLISHED Abbasid Enclave in Toulouse at 86,47 (host 4, tile IMPROVEMENT_THING); host gains +4 Happiness 
 While executing JS :30:23
[2026-09-18 11:44:17]	[Emigration] enclave placed IMPROVEMENT_THING for IMPROVEMENT_EMIG_ENCLAVE_ABBASID_A at plot 1769 (new rural district) 
 While executing JS :30:23
[2026-09-18 11:44:17]	[Emigration] enclave ESTABLISHED Abbasid Enclave in Gao at 43,20 (host 6, tile IMPROVEMENT_THING); host gains +4 Happiness 
 While executing JS :30:23
[2026-09-18 11:44:17]	[Emigration] enclave placed IMPROVEMENT_THING for IMPROVEMENT_EMIG_ENCLAVE_ABBASID_A at plot 1290 (new rural district) 
 While executing JS :30:23
[2026-09-18 11:44:17]	[Emigration] enclave ESTABLISHED Abbasid Enclave in Kabara at 44,10 (host 6, tile IMPROVEMENT_THING); host gains +4 Happiness 
 While executing JS :30:23
[2026-09-18 11:44:17]	[Emigration] enclave placed IMPROVEMENT_THING for IMPROVEMENT_EMIG_ENCLAVE_ABBASID_A at plot 1452 (new rural district) 
 While executing JS :30:23
[2026-09-18 11:44:17]	[Emigration] enclave ESTABLISHED Abbasid Enclave in Berlin at 12,17 (host 7, tile IMPROVEMENT_THING); host gains +4 Happiness 
 While executing JS :30:23
[2026-09-18 11:44:17]	[Emigration] enclave placed IMPROVEMENT_THING for IMPROVEMENT_EMIG_ENCLAVE_ABBASID_A at plot 989 replacing IMPROVEMENT_MING_GREAT_WALL 
 While executing JS :30:23
[2026-09-18 11:44:17]	[Emigration] enclave ESTABLISHED Abbasid Enclave in Charlottenburg at 30,10 (host 7, tile IMPROVEMENT_THING); host gains +4 Happiness 
 While executing JS :30:23
[2026-09-18 11:44:17]	[Emigration] enclave placed IMPROVEMENT_THING for IMPROVEMENT_EMIG_ENCLAVE_ABBASID_A at plot 3956 replacing IMPROVEMENT_MINE 
 While executing JS :30:23
[2026-09-18 11:44:17]	[Emigration] enclave ESTABLISHED Abbasid Enclave in Pataliputra at 21,44 (host 8, tile IMPROVEMENT_THING); host gains +4 Happiness 
 While executing JS :30:23
[2026-09-18 11:44:17]	[Emigration] enclave placed IMPROVEMENT_THING for IMPROVEMENT_EMIG_ENCLAVE_ABBASID_A at plot 3276 (new rural district) 
 While executing JS :30:23
[2026-09-18 11:44:17]	[Emigration] enclave ESTABLISHED Abbasid Enclave in Girinagara at 11,36 (host 8, tile IMPROVEMENT_THING); host gains +4 Happiness 
 While executing JS :30:23
[2026-09-18 11:44:17]	[Emigration] enclave placed IMPROVEMENT_THING for IMPROVEMENT_EMIG_ENCLAVE_ABBASID_A at plot 5028 (new rural district) 
 While executing JS :30:23
[2026-09-18 11:44:17]	[Emigration] enclave ESTABLISHED Abbasid Enclave in Osaka at 38,52 (host 9, tile IMPROVEMENT_THING); host gains +4 Happiness 
 While executing JS :30:23
[2026-09-18 11:44:17]	[Emigration] netdist [c0:pts=-2,ppl=-200993 c2:pts=-7,ppl=-71869 c4:pts=2,ppl=-97885 c7:pts=2,ppl=35382 c8:pts=-2,ppl=-34677] thisPass: arriveX>-/7 arriveX>-/7 arrive>-/2 arrive>-/2 depart>7/- depart>7/- departX>8/- depart>9/- depart>8/- depart>8/- depart>0/- depart>0/- 
 While executing JS :30:23
[2026-09-18 11:44:17]	[Emigration] MIGRATION 10,000 people moved from Risila to Duisburg 
 While executing JS :30:23
[2026-09-18 11:44:17]	[Emigration] MIGRATION 23,000 people moved from Charlottenburg to Duisburg 
 While executing JS :30:23
[2026-09-18 11:44:17]	[Emigration] EMIGRATION 16,000 people left Virata (Chola) for Frankfurt am Main (Chola) 
 While executing JS :30:23
[2026-09-18 11:44:17]	[Emigration] MIGRATION 87,000 people moved from Himeji to Osaka 
 While executing JS :30:23
[2026-09-18 11:44:17]	[Emigration] MIGRATION 38,000 people moved from Gangaikonda Cholapuram to Pudanagala 
 While executing JS :30:23
[2026-09-18 11:44:17]	[Emigration] MIGRATION 49,000 people moved from Gangaikonda Cholapuram to Pudanagala 
 While executing JS :30:23
[2026-09-18 11:44:17]	[Emigration] MIGRATION 68,000 people moved from Philadelphia to Pittsburgh 
 While executing JS :30:23
[2026-09-18 11:44:17]	[Emigration] MIGRATION 116,000 people moved from Chicago to Washington, D.C. 
 While executing JS :30:23
[2026-09-18 11:44:17]	[Emigration] pass (turn 73) 12 migs, 503ms 
 While executing JS :30:23
[2026-09-18 11:44:17]	Unable to resolve custom variable: dg-fs-85
[2026-09-18 11:44:17]	Unable to resolve custom variable: dg-fs-72,0.72rem
[2026-09-18 11:44:17]	Unable to resolve custom variable: dg-fs-95,0.95rem
[2026-09-18 11:44:17]	Unable to resolve custom variable: dg-fs-72,0.72rem
[2026-09-18 11:44:17]	Unable to resolve custom variable: dg-fs-95,0.95rem
[2026-09-18 11:44:17]	Unable to resolve custom variable: dg-fs-72,0.72rem
[2026-09-18 11:44:17]	Unable to resolve custom variable: dg-fs-95,0.95rem
[2026-09-18 11:44:17]	Unable to resolve custom variable: dg-fs-72,0.72rem
[2026-09-18 11:44:17]	Unable to resolve custom variable: dg-fs-95,0.95rem
[2026-09-18 11:44:17]	Unable to resolve custom variable: dg-fs-72,0.72rem
[2026-09-18 11:44:17]	Unable to resolve custom variable: dg-fs-95,0.95rem
[2026-09-18 11:44:17]	Unable to resolve custom variable: dg-fs-72,0.72rem
[2026-09-18 11:44:17]	Unable to resolve custom variable: dg-fs-95,0.95rem
[2026-09-18 11:44:17]	Unable to resolve custom variable: dg-fs-72,0.72rem
[2026-09-18 11:44:17]	Unable to resolve custom variable: dg-fs-95,0.95rem
[2026-09-18 11:44:17]	Unable to resolve custom variable: dg-fs-72,0.72rem
[2026-09-18 11:44:17]	Unable to resolve custom variable: dg-fs-95,0.95rem
[2026-09-18 11:44:17]	[Emigration] enclave markers: repaint(PlayerTurnActivated) painted=1 
 While executing JS :30:23
[2026-09-18 11:44:17]	Unable to resolve custom variable: dg-fs-72,0.72rem
[2026-09-18 11:44:17]	Unable to resolve custom variable: dg-fs-95,0.95rem
[2026-09-18 11:44:17]	Unable to resolve custom variable: dg-fs-72,0.72rem
[2026-09-18 11:44:17]	Unable to resolve custom variable: dg-fs-95,0.95rem
[2026-09-18 11:44:17]	Unable to resolve custom variable: dg-fs-72,0.72rem
[2026-09-18 11:44:17]	Unable to resolve custom variable: dg-fs-95,0.95rem
[2026-09-18 11:44:17]	Unable to resolve custom variable: dg-fs-72,0.72rem
[2026-09-18 11:44:17]	Unable to resolve custom variable: dg-fs-95,0.95rem
[2026-09-18 11:44:18]	Unable to resolve custom variable: dg-fs-72,0.72rem
[2026-09-18 11:44:18]	Unable to resolve custom variable: dg-fs-95,0.95rem
[2026-09-18 11:44:18]	Unable to resolve custom variable: dg-fs-72,0.72rem
[2026-09-18 11:44:18]	Unable to resolve custom variable: dg-fs-95,0.95rem
[2026-09-18 11:44:18]	Unable to resolve custom variable: dg-fs-72,0.72rem
[2026-09-18 11:44:18]	Unable to resolve custom variable: dg-fs-95,0.95rem
[2026-09-18 11:44:18]	Unable to resolve custom variable: dg-fs-72,0.72rem
[2026-09-18 11:44:18]	Unable to resolve custom variable: dg-fs-95,0.95rem
[2026-09-18 11:44:18]	[Emigration] enclave markers: repaint(ConstructibleAddedToMap) painted=7 
 While executing JS :30:23
[2026-09-18 11:44:19]	[Emigration] empty rural district cleared at plot 2799 
 While executing JS :30:23
[2026-09-18 11:44:19]	[Emigration] empty rural district cleared at plot 988 
 While executing JS :30:23
[2026-09-18 11:44:19]	[Emigration] empty rural district cleared at plot 2900 
 While executing JS :30:23
[2026-09-18 11:44:19]	[Emigration] empty rural district cleared at plot 4729 
 While executing JS :30:23
[2026-09-18 11:44:19]	[Emigration] empty rural district cleared at plot 3759 
 While executing JS :30:23
[2026-09-18 11:44:19]	[Emigration] empty rural district cleared at plot 4046 
 While executing JS :30:23
[2026-09-18 11:44:19]	[Emigration] empty rural district cleared at plot 3621 
 While executing JS :30:23
[2026-09-18 11:44:19]	[Emigration] empty rural district cleared at plot 4008 
 While executing JS :30:23
[2026-09-18 11:44:24]	[EmigTest] O1 applyCalls=2 afterTurn=1 log=[{"t":1789746217062,"turn":72,"version":"72|2"},{"t":1789746257952,"turn":73,"version":"73|3"}] versionBefore=72|2 versionNow=73|3 activeLens=emig-ethnicity-lens 
 While executing JS :15:23
[2026-09-18 11:44:24]	[EmigTest] VERDICT O1 PASS lens repainted 1 time(s) after the turn without a toggle 
 While executing JS :15:23
[2026-09-18 11:44:28]	Unable to resolve custom variable: dg-fs-72,0.72rem
[2026-09-18 11:44:28]	Unable to resolve custom variable: dg-fs-95,0.95rem
[2026-09-18 11:44:28]	Unable to resolve custom variable: dg-fs-72,0.72rem
[2026-09-18 11:44:28]	Unable to resolve custom variable: dg-fs-95,0.95rem
[2026-09-18 11:44:28]	Unable to resolve custom variable: dg-fs-72,0.72rem
[2026-09-18 11:44:28]	Unable to resolve custom variable: dg-fs-95,0.95rem
[2026-09-18 11:44:28]	Unable to resolve custom variable: dg-fs-72,0.72rem
[2026-09-18 11:44:28]	Unable to resolve custom variable: dg-fs-95,0.95rem
[2026-09-18 11:44:28]	Unable to resolve custom variable: dg-fs-72,0.72rem
[2026-09-18 11:44:28]	Unable to resolve custom variable: dg-fs-95,0.95rem
[2026-09-18 11:44:28]	Unable to resolve custom variable: dg-fs-72,0.72rem
[2026-09-18 11:44:28]	Unable to resolve custom variable: dg-fs-95,0.95rem
[2026-09-18 11:44:28]	Unable to resolve custom variable: dg-fs-72,0.72rem
[2026-09-18 11:44:28]	Unable to resolve custom variable: dg-fs-95,0.95rem
[2026-09-18 11:44:28]	Unable to resolve custom variable: dg-fs-72,0.72rem
[2026-09-18 11:44:28]	Unable to resolve custom variable: dg-fs-95,0.95rem
[2026-09-18 11:44:28]	Unable to resolve custom variable: dg-fs-72,0.72rem
[2026-09-18 11:44:28]	Unable to resolve custom variable: dg-fs-95,0.95rem
[2026-09-18 11:44:28]	Unable to resolve custom variable: dg-fs-72,0.72rem
[2026-09-18 11:44:28]	Unable to resolve custom variable: dg-fs-95,0.95rem
[2026-09-18 11:44:28]	Unable to resolve custom variable: dg-fs-72,0.72rem
[2026-09-18 11:44:28]	Unable to resolve custom variable: dg-fs-95,0.95rem
[2026-09-18 11:44:28]	Unable to resolve custom variable: dg-fs-72,0.72rem
[2026-09-18 11:44:28]	Unable to resolve custom variable: dg-fs-95,0.95rem
[2026-09-18 11:44:28]	Unable to resolve custom variable: dg-fs-72,0.72rem
[2026-09-18 11:44:28]	Unable to resolve custom variable: dg-fs-95,0.95rem
[2026-09-18 11:44:28]	Unable to resolve custom variable: dg-fs-72,0.72rem
[2026-09-18 11:44:28]	Unable to resolve custom variable: dg-fs-95,0.95rem
[2026-09-18 11:44:28]	Unable to resolve custom variable: dg-fs-72,0.72rem
[2026-09-18 11:44:28]	Unable to resolve custom variable: dg-fs-95,0.95rem
[2026-09-18 11:44:28]	Unable to resolve custom variable: dg-fs-72,0.72rem
[2026-09-18 11:44:28]	Unable to resolve custom variable: dg-fs-95,0.95rem
[2026-09-18 11:44:28]	Unable to resolve custom variable: dg-fs-72,0.72rem
[2026-09-18 11:44:28]	Unable to resolve custom variable: dg-fs-95,0.95rem
[2026-09-18 11:44:28]	Unable to resolve custom variable: dg-fs-72,0.72rem
[2026-09-18 11:44:28]	Unable to resolve custom variable: dg-fs-95,0.95rem
[2026-09-18 11:44:28]	Unable to resolve custom variable: dg-fs-72,0.72rem
[2026-09-18 11:44:28]	Unable to resolve custom variable: dg-fs-95,0.95rem
[2026-09-18 11:44:28]	Unable to resolve custom variable: dg-fs-72,0.72rem
[2026-09-18 11:44:28]	Unable to resolve custom variable: dg-fs-95,0.95rem
[2026-09-18 11:44:28]	Unable to resolve custom variable: dg-fs-72,0.72rem
[2026-09-18 11:44:28]	Unable to resolve custom variable: dg-fs-95,0.95rem
[2026-09-18 11:44:28]	Unable to resolve custom variable: dg-fs-72,0.72rem
[2026-09-18 11:44:28]	Unable to resolve custom variable: dg-fs-95,0.95rem
[2026-09-18 11:44:28]	Unable to resolve custom variable: dg-fs-72,0.72rem
[2026-09-18 11:44:28]	Unable to resolve custom variable: dg-fs-95,0.95rem
[2026-09-18 11:44:28]	Unable to resolve custom variable: dg-fs-72,0.72rem
[2026-09-18 11:44:28]	Unable to resolve custom variable: dg-fs-95,0.95rem
[2026-09-18 11:44:28]	Unable to resolve custom variable: dg-fs-72,0.72rem
[2026-09-18 11:44:28]	Unable to resolve custom variable: dg-fs-95,0.95rem
[2026-09-18 11:44:28]	Unable to resolve custom variable: dg-fs-72,0.72rem
[2026-09-18 11:44:28]	Unable to resolve custom variable: dg-fs-95,0.95rem
[2026-09-18 11:44:28]	Unable to resolve custom variable: dg-fs-72,0.72rem
[2026-09-18 11:44:28]	Unable to resolve custom variable: dg-fs-95,0.95rem
[2026-09-18 11:44:28]	Unable to resolve custom variable: dg-fs-72,0.72rem
[2026-09-18 11:44:28]	Unable to resolve custom variable: dg-fs-95,0.95rem
[2026-09-18 11:44:28]	Unable to resolve custom variable: dg-fs-72,0.72rem
[2026-09-18 11:44:28]	Unable to resolve custom variable: dg-fs-95,0.95rem
[2026-09-18 11:44:28]	Unable to resolve custom variable: dg-fs-72,0.72rem
[2026-09-18 11:44:28]	Unable to resolve custom variable: dg-fs-95,0.95rem
[2026-09-18 11:44:28]	Unable to resolve custom variable: dg-fs-72,0.72rem
[2026-09-18 11:44:28]	Unable to resolve custom variable: dg-fs-95,0.95rem
[2026-09-18 11:44:28]	Unable to resolve custom variable: dg-fs-72,0.72rem
[2026-09-18 11:44:28]	Unable to resolve custom variable: dg-fs-95,0.95rem
[2026-09-18 11:44:28]	Unable to resolve custom variable: dg-fs-72,0.72rem
[2026-09-18 11:44:28]	Unable to resolve custom variable: dg-fs-95,0.95rem
[2026-09-18 11:44:28]	Unable to resolve custom variable: dg-fs-72,0.72rem
[2026-09-18 11:44:28]	Unable to resolve custom variable: dg-fs-95,0.95rem
[2026-09-18 11:44:28]	Unable to resolve custom variable: dg-fs-72,0.72rem
[2026-09-18 11:44:28]	Unable to resolve custom variable: dg-fs-95,0.95rem
[2026-09-18 11:44:28]	Unable to resolve custom variable: dg-fs-72,0.72rem
[2026-09-18 11:44:28]	Unable to resolve custom variable: dg-fs-95,0.95rem
[2026-09-18 11:44:28]	Unable to resolve custom variable: dg-fs-72,0.72rem
[2026-09-18 11:44:28]	Unable to resolve custom variable: dg-fs-95,0.95rem
[2026-09-18 11:44:28]	Unable to resolve custom variable: dg-fs-72,0.72rem
[2026-09-18 11:44:28]	Unable to resolve custom variable: dg-fs-95,0.95rem
[2026-09-18 11:44:28]	Unable to resolve custom variable: dg-fs-72,0.72rem
[2026-09-18 11:44:28]	Unable to resolve custom variable: dg-fs-95,0.95rem
[2026-09-18 11:44:28]	Unable to resolve custom variable: dg-fs-72,0.72rem
[2026-09-18 11:44:28]	Unable to resolve custom variable: dg-fs-95,0.95rem
[2026-09-18 11:44:28]	Unable to resolve custom variable: dg-fs-72,0.72rem
[2026-09-18 11:44:28]	Unable to resolve custom variable: dg-fs-95,0.95rem
[2026-09-18 11:44:28]	Unable to resolve custom variable: dg-fs-72,0.72rem
[2026-09-18 11:44:28]	Unable to resolve custom variable: dg-fs-95,0.95rem
[2026-09-18 11:44:28]	Unable to resolve custom variable: dg-fs-72,0.72rem
[2026-09-18 11:44:28]	Unable to resolve custom variable: dg-fs-95,0.95rem
[2026-09-18 11:44:28]	Unable to resolve custom variable: dg-fs-72,0.72rem
[2026-09-18 11:44:28]	Unable to resolve custom variable: dg-fs-95,0.95rem
[2026-09-18 11:44:28]	Unable to resolve custom variable: dg-fs-72,0.72rem
[2026-09-18 11:44:28]	Unable to resolve custom variable: dg-fs-95,0.95rem
[2026-09-18 11:44:28]	Unable to resolve custom variable: dg-fs-72,0.72rem
[2026-09-18 11:44:28]	Unable to resolve custom variable: dg-fs-95,0.95rem
[2026-09-18 11:44:28]	Unable to resolve custom variable: dg-fs-72,0.72rem
[2026-09-18 11:44:28]	Unable to resolve custom variable: dg-fs-95,0.95rem
[2026-09-18 11:44:28]	Unable to resolve custom variable: dg-fs-72,0.72rem
[2026-09-18 11:44:28]	Unable to resolve custom variable: dg-fs-95,0.95rem
[2026-09-18 11:44:28]	Unable to resolve custom variable: dg-fs-72,0.72rem
[2026-09-18 11:44:28]	Unable to resolve custom variable: dg-fs-95,0.95rem
[2026-09-18 11:44:28]	Unable to resolve custom variable: dg-fs-72,0.72rem
[2026-09-18 11:44:28]	Unable to resolve custom variable: dg-fs-95,0.95rem
[2026-09-18 11:44:28]	Unable to resolve custom variable: dg-fs-72,0.72rem
[2026-09-18 11:44:28]	Unable to resolve custom variable: dg-fs-95,0.95rem
[2026-09-18 11:44:28]	Unable to resolve custom variable: dg-fs-72,0.72rem
[2026-09-18 11:44:28]	Unable to resolve custom variable: dg-fs-95,0.95rem
[2026-09-18 11:44:28]	Unable to resolve custom variable: dg-fs-72,0.72rem
[2026-09-18 11:44:28]	Unable to resolve custom variable: dg-fs-95,0.95rem
[2026-09-18 11:44:28]	Unable to resolve custom variable: dg-fs-72,0.72rem
[2026-09-18 11:44:28]	Unable to resolve custom variable: dg-fs-95,0.95rem
[2026-09-18 11:44:28]	Unable to resolve custom variable: dg-fs-72,0.72rem
[2026-09-18 11:44:28]	Unable to resolve custom variable: dg-fs-95,0.95rem
[2026-09-18 11:44:28]	Unable to resolve custom variable: dg-fs-72,0.72rem
[2026-09-18 11:44:28]	Unable to resolve custom variable: dg-fs-95,0.95rem
[2026-09-18 11:44:28]	Unable to resolve custom variable: dg-fs-72,0.72rem
[2026-09-18 11:44:28]	Unable to resolve custom variable: dg-fs-95,0.95rem
[2026-09-18 11:44:28]	Unable to resolve custom variable: dg-fs-72,0.72rem
[2026-09-18 11:44:28]	Unable to resolve custom variable: dg-fs-95,0.95rem
[2026-09-18 11:44:28]	Unable to resolve custom variable: dg-fs-72,0.72rem
[2026-09-18 11:44:28]	Unable to resolve custom variable: dg-fs-95,0.95rem
[2026-09-18 11:44:28]	Unable to resolve custom variable: dg-fs-72,0.72rem
[2026-09-18 11:44:28]	Unable to resolve custom variable: dg-fs-95,0.95rem
[2026-09-18 11:44:28]	Unable to resolve custom variable: dg-fs-72,0.72rem
[2026-09-18 11:44:28]	Unable to resolve custom variable: dg-fs-95,0.95rem
[2026-09-18 11:44:28]	Unable to resolve custom variable: dg-fs-72,0.72rem
[2026-09-18 11:44:28]	Unable to resolve custom variable: dg-fs-95,0.95rem
[2026-09-18 11:44:28]	Unable to resolve custom variable: dg-fs-72,0.72rem
[2026-09-18 11:44:28]	Unable to resolve custom variable: dg-fs-95,0.95rem
[2026-09-18 11:44:28]	Unable to resolve custom variable: dg-fs-72,0.72rem
[2026-09-18 11:44:28]	Unable to resolve custom variable: dg-fs-95,0.95rem
[2026-09-18 11:44:28]	Unable to resolve custom variable: dg-fs-72,0.72rem
[2026-09-18 11:44:28]	Unable to resolve custom variable: dg-fs-95,0.95rem
[2026-09-18 11:44:28]	Unable to resolve custom variable: dg-fs-72,0.72rem
[2026-09-18 11:44:28]	Unable to resolve custom variable: dg-fs-95,0.95rem
[2026-09-18 11:44:28]	Unable to resolve custom variable: dg-fs-72,0.72rem
[2026-09-18 11:44:28]	Unable to resolve custom variable: dg-fs-95,0.95rem
[2026-09-18 11:44:28]	Unable to resolve custom variable: dg-fs-72,0.72rem
[2026-09-18 11:44:28]	Unable to resolve custom variable: dg-fs-95,0.95rem
[2026-09-18 11:44:28]	Unable to resolve custom variable: dg-fs-72,0.72rem
[2026-09-18 11:44:28]	Unable to resolve custom variable: dg-fs-95,0.95rem
[2026-09-18 11:44:28]	Unable to resolve custom variable: dg-fs-72,0.72rem
[2026-09-18 11:44:28]	Unable to resolve custom variable: dg-fs-95,0.95rem
[2026-09-18 11:44:28]	Unable to resolve custom variable: dg-fs-72,0.72rem
[2026-09-18 11:44:28]	Unable to resolve custom variable: dg-fs-95,0.95rem
[2026-09-18 11:44:28]	Unable to resolve custom variable: dg-fs-72,0.72rem
[2026-09-18 11:44:28]	Unable to resolve custom variable: dg-fs-95,0.95rem
[2026-09-18 11:44:29]	Unable to resolve custom variable: dg-fs-72,0.72rem
[2026-09-18 11:44:29]	Unable to resolve custom variable: dg-fs-95,0.95rem
[2026-09-18 11:44:29]	Unable to resolve custom variable: dg-fs-72,0.72rem
[2026-09-18 11:44:29]	Unable to resolve custom variable: dg-fs-95,0.95rem
[2026-09-18 11:44:29]	Unable to resolve custom variable: dg-fs-72,0.72rem
[2026-09-18 11:44:29]	Unable to resolve custom variable: dg-fs-95,0.95rem
[2026-09-18 11:44:29]	Unable to resolve custom variable: dg-fs-72,0.72rem
[2026-09-18 11:44:29]	Unable to resolve custom variable: dg-fs-95,0.95rem
[2026-09-18 11:44:29]	Unable to resolve custom variable: dg-fs-72,0.72rem
[2026-09-18 11:44:29]	Unable to resolve custom variable: dg-fs-95,0.95rem
[2026-09-18 11:44:29]	Unable to resolve custom variable: dg-fs-72,0.72rem
[2026-09-18 11:44:29]	Unable to resolve custom variable: dg-fs-95,0.95rem
[2026-09-18 11:44:29]	Unable to resolve custom variable: dg-fs-72,0.72rem
[2026-09-18 11:44:29]	Unable to resolve custom variable: dg-fs-95,0.95rem
[2026-09-18 11:44:29]	Unable to resolve custom variable: dg-fs-72,0.72rem
[2026-09-18 11:44:29]	Unable to resolve custom variable: dg-fs-95,0.95rem
[2026-09-18 11:44:29]	Unable to resolve custom variable: dg-fs-72,0.72rem
[2026-09-18 11:44:29]	Unable to resolve custom variable: dg-fs-95,0.95rem
[2026-09-18 11:44:29]	Unable to resolve custom variable: dg-fs-72,0.72rem
[2026-09-18 11:44:29]	Unable to resolve custom variable: dg-fs-95,0.95rem
[2026-09-18 11:44:29]	Unable to resolve custom variable: dg-fs-72,0.72rem
[2026-09-18 11:44:29]	Unable to resolve custom variable: dg-fs-95,0.95rem
[2026-09-18 11:44:29]	Unable to resolve custom variable: dg-fs-72,0.72rem
[2026-09-18 11:44:29]	Unable to resolve custom variable: dg-fs-95,0.95rem
[2026-09-18 11:44:29]	Unable to resolve custom variable: dg-fs-72,0.72rem
[2026-09-18 11:44:29]	Unable to resolve custom variable: dg-fs-95,0.95rem
[2026-09-18 11:44:29]	Unable to resolve custom variable: dg-fs-72,0.72rem
[2026-09-18 11:44:29]	Unable to resolve custom variable: dg-fs-95,0.95rem
[2026-09-18 11:44:29]	Unable to resolve custom variable: dg-fs-72,0.72rem
[2026-09-18 11:44:29]	Unable to resolve custom variable: dg-fs-95,0.95rem
[2026-09-18 11:44:29]	Unable to resolve custom variable: dg-fs-72,0.72rem
[2026-09-18 11:44:29]	Unable to resolve custom variable: dg-fs-95,0.95rem
[2026-09-18 11:44:29]	Unable to resolve custom variable: dg-fs-72,0.72rem
[2026-09-18 11:44:29]	Unable to resolve custom variable: dg-fs-95,0.95rem
[2026-09-18 11:44:29]	Unable to resolve custom variable: dg-fs-72,0.72rem
[2026-09-18 11:44:29]	Unable to resolve custom variable: dg-fs-95,0.95rem
[2026-09-18 11:44:29]	Unable to resolve custom variable: dg-fs-72,0.72rem
[2026-09-18 11:44:29]	Unable to resolve custom variable: dg-fs-95,0.95rem
[2026-09-18 11:44:29]	Unable to resolve custom variable: dg-fs-72,0.72rem
[2026-09-18 11:44:29]	Unable to resolve custom variable: dg-fs-95,0.95rem
[2026-09-18 11:44:29]	Unable to resolve custom variable: dg-fs-85
[2026-09-18 11:44:29]	Unable to resolve custom variable: dg-fs-72,0.72rem
[2026-09-18 11:44:29]	Unable to resolve custom variable: dg-fs-95,0.95rem
[2026-09-18 11:44:29]	Unable to resolve custom variable: dg-fs-85
[2026-09-18 11:44:39]	Unable to resolve custom variable: dg-fs-85
[2026-09-18 11:44:42]	[EmigTest] HOVER i1-after-turn "Rostov on Don · this tileBulgarian92%Norman8%" 
 While executing JS :15:23
[2026-09-18 11:44:42]	[EmigTest] SHOT o1-after-turn 
 While executing JS :15:23
[2026-09-18 11:44:51]	[EmigTest] ITEM1 after turn comp=["2:60","4:40"] enclaveTile=["2:92","4:8"] bestBulgarian=0.920 tiles=18 
 While executing JS :15:23
[2026-09-18 11:44:51]	[EmigTest] VERDICT item1 PASS (after turn) enclave tile Bulgarian 0.920 vs city best 0.920 
 While executing JS :15:23
[2026-09-18 11:44:51]	[EmigTest] ITEM3 razedEntry=false unownedEntry=false cityStateEntry=true cityStateInAll=false cityStateInRanking=false live=76 ranking=76 passTurn=73 
 While executing JS :15:23
[2026-09-18 11:44:51]	[EmigTest] VERDICT item3 PASS razedGone=true unownedGone=true cityStateKept=true cityStateHidden=true 
 While executing JS :15:23
[2026-09-18 11:44:51]	[EmigTest] O4 madrid={"0":0.18,"5":23.82} monte={"0":7} 
 While executing JS :15:23
[2026-09-18 11:44:51]	[EmigTest] VERDICT O4 PASS madridAsOrigin5=0.9925 monteAsOwner=1 
 While executing JS :15:23
[2026-09-18 11:44:51]	[EmigTest] ITEM2 after turn 1 detectorsWithMarker=0 [] transit=18 transitWithMix=12 transitCarryingMarker=3 sample=[{"mix":{"1":0.5,"7":0.5},"src":"17,27","dest":"14,4"},{"mix":{"1":0.5,"7":0.5},"src":"30,10","dest":"14,4"}] 
 While executing JS :15:23
[2026-09-18 11:44:59]	[EmigTest] ENDTURN blocked (442844772), one Autoplay turn 
 While executing JS :15:23
[2026-09-18 11:44:59]	Tutorial: Autoplay started, auto-marking complete any active items. 
 While executing JS :30:23
[2026-09-18 11:44:59]	Unable to resolve custom variable: dg-fs-85
[2026-09-18 11:45:00]	Attempting to remove event-mgr-receive-focus event listener from a target UNIT-FLAG that did not have the event listener registered.
 While executing JS fs://game/core/ui/component-support.js:560:15
[2026-09-18 11:45:00]	Attempting to remove event-mgr-lose-focus event listener from a target UNIT-FLAG that did not have the event listener registered.
 While executing JS fs://game/core/ui/component-support.js:561:15
[2026-09-18 11:45:00]	Attempting to remove event-mgr-pop event listener from a target UNIT-FLAG that did not have the event listener registered.
 While executing JS fs://game/core/ui/component-support.js:562:15
[2026-09-18 11:45:00]	Attempting to remove event-mgr-receive-focus event listener from a target UNIT-FLAG that did not have the event listener registered.
 While executing JS fs://game/core/ui/component-support.js:560:15
[2026-09-18 11:45:00]	Attempting to remove event-mgr-lose-focus event listener from a target UNIT-FLAG that did not have the event listener registered.
 While executing JS fs://game/core/ui/component-support.js:561:15
[2026-09-18 11:45:00]	Attempting to remove event-mgr-pop event listener from a target UNIT-FLAG that did not have the event listener registered.
 While executing JS fs://game/core/ui/component-support.js:562:15
[2026-09-18 11:45:00]	Attempting to remove event-mgr-receive-focus event listener from a target UNIT-FLAG that did not have the event listener registered.
 While executing JS fs://game/core/ui/component-support.js:560:15
[2026-09-18 11:45:00]	Attempting to remove event-mgr-lose-focus event listener from a target UNIT-FLAG that did not have the event listener registered.
 While executing JS fs://game/core/ui/component-support.js:561:15
[2026-09-18 11:45:00]	Attempting to remove event-mgr-pop event listener from a target UNIT-FLAG that did not have the event listener registered.
 While executing JS fs://game/core/ui/component-support.js:562:15
[2026-09-18 11:45:00]	Attempting to remove event-mgr-receive-focus event listener from a target UNIT-FLAG that did not have the event listener registered.
 While executing JS fs://game/core/ui/component-support.js:560:15
[2026-09-18 11:45:00]	Attempting to remove event-mgr-lose-focus event listener from a target UNIT-FLAG that did not have the event listener registered.
 While executing JS fs://game/core/ui/component-support.js:561:15
[2026-09-18 11:45:00]	Attempting to remove event-mgr-pop event listener from a target UNIT-FLAG that did not have the event listener registered.
 While executing JS fs://game/core/ui/component-support.js:562:15
[2026-09-18 11:45:00]	Attempting to remove event-mgr-receive-focus event listener from a target UNIT-FLAG that did not have the event listener registered.
 While executing JS fs://game/core/ui/component-support.js:560:15
[2026-09-18 11:45:00]	Attempting to remove event-mgr-lose-focus event listener from a target UNIT-FLAG that did not have the event listener registered.
 While executing JS fs://game/core/ui/component-support.js:561:15
[2026-09-18 11:45:00]	Attempting to remove event-mgr-pop event listener from a target UNIT-FLAG that did not have the event listener registered.
 While executing JS fs://game/core/ui/component-support.js:562:15
[2026-09-18 11:45:00]	Attempting to remove event-mgr-receive-focus event listener from a target UNIT-FLAG that did not have the event listener registered.
 While executing JS fs://game/core/ui/component-support.js:560:15
[2026-09-18 11:45:00]	Attempting to remove event-mgr-lose-focus event listener from a target UNIT-FLAG that did not have the event listener registered.
 While executing JS fs://game/core/ui/component-support.js:561:15
[2026-09-18 11:45:00]	Attempting to remove event-mgr-pop event listener from a target UNIT-FLAG that did not have the event listener registered.
 While executing JS fs://game/core/ui/component-support.js:562:15
[2026-09-18 11:45:00]	Attempting to remove event-mgr-receive-focus event listener from a target UNIT-FLAG that did not have the event listener registered.
 While executing JS fs://game/core/ui/component-support.js:560:15
[2026-09-18 11:45:00]	Attempting to remove event-mgr-lose-focus event listener from a target UNIT-FLAG that did not have the event listener registered.
 While executing JS fs://game/core/ui/component-support.js:561:15
[2026-09-18 11:45:00]	Attempting to remove event-mgr-pop event listener from a target UNIT-FLAG that did not have the event listener registered.
 While executing JS fs://game/core/ui/component-support.js:562:15
[2026-09-18 11:45:00]	Attempting to remove event-mgr-receive-focus event listener from a target UNIT-FLAG that did not have the event listener registered.
 While executing JS fs://game/core/ui/component-support.js:560:15
[2026-09-18 11:45:00]	Attempting to remove event-mgr-lose-focus event listener from a target UNIT-FLAG that did not have the event listener registered.
 While executing JS fs://game/core/ui/component-support.js:561:15
[2026-09-18 11:45:00]	Attempting to remove event-mgr-pop event listener from a target UNIT-FLAG that did not have the event listener registered.
 While executing JS fs://game/core/ui/component-support.js:562:15
[2026-09-18 11:45:00]	Attempting to remove event-mgr-receive-focus event listener from a target UNIT-FLAG that did not have the event listener registered.
 While executing JS fs://game/core/ui/component-support.js:560:15
[2026-09-18 11:45:00]	Attempting to remove event-mgr-lose-focus event listener from a target UNIT-FLAG that did not have the event listener registered.
 While executing JS fs://game/core/ui/component-support.js:561:15
[2026-09-18 11:45:00]	Attempting to remove event-mgr-pop event listener from a target UNIT-FLAG that did not have the event listener registered.
 While executing JS fs://game/core/ui/component-support.js:562:15
[2026-09-18 11:45:00]	Attempting to remove event-mgr-receive-focus event listener from a target UNIT-FLAG that did not have the event listener registered.
 While executing JS fs://game/core/ui/component-support.js:560:15
[2026-09-18 11:45:00]	Attempting to remove event-mgr-lose-focus event listener from a target UNIT-FLAG that did not have the event listener registered.
 While executing JS fs://game/core/ui/component-support.js:561:15
[2026-09-18 11:45:00]	Attempting to remove event-mgr-pop event listener from a target UNIT-FLAG that did not have the event listener registered.
 While executing JS fs://game/core/ui/component-support.js:562:15
[2026-09-18 11:45:00]	Attempting to remove event-mgr-receive-focus event listener from a target UNIT-FLAG that did not have the event listener registered.
 While executing JS fs://game/core/ui/component-support.js:560:15
[2026-09-18 11:45:00]	Attempting to remove event-mgr-lose-focus event listener from a target UNIT-FLAG that did not have the event listener registered.
 While executing JS fs://game/core/ui/component-support.js:561:15
[2026-09-18 11:45:00]	Attempting to remove event-mgr-pop event listener from a target UNIT-FLAG that did not have the event listener registered.
 While executing JS fs://game/core/ui/component-support.js:562:15
[2026-09-18 11:45:00]	Attempting to remove event-mgr-receive-focus event listener from a target UNIT-FLAG that did not have the event listener registered.
 While executing JS fs://game/core/ui/component-support.js:560:15
[2026-09-18 11:45:00]	Attempting to remove event-mgr-lose-focus event listener from a target UNIT-FLAG that did not have the event listener registered.
 While executing JS fs://game/core/ui/component-support.js:561:15
[2026-09-18 11:45:00]	Attempting to remove event-mgr-pop event listener from a target UNIT-FLAG that did not have the event listener registered.
 While executing JS fs://game/core/ui/component-support.js:562:15
[2026-09-18 11:45:00]	Attempting to remove event-mgr-receive-focus event listener from a target UNIT-FLAG that did not have the event listener registered.
 While executing JS fs://game/core/ui/component-support.js:560:15
[2026-09-18 11:45:00]	Attempting to remove event-mgr-lose-focus event listener from a target UNIT-FLAG that did not have the event listener registered.
 While executing JS fs://game/core/ui/component-support.js:561:15
[2026-09-18 11:45:00]	Attempting to remove event-mgr-pop event listener from a target UNIT-FLAG that did not have the event listener registered.
 While executing JS fs://game/core/ui/component-support.js:562:15
[2026-09-18 11:45:00]	[Emigration] enclave markers: repaint(ConstructibleAddedToMap) skipped: world not readable yet 
 While executing JS :30:23
[2026-09-18 11:45:00]	model-great-works: update() - no local player found! 
 While executing JS :15:23
[2026-09-18 11:45:00]	Failed attempt to get a unit for unit flag:  UNIT:2:2621441 
 While executing JS :15:23
[2026-09-18 11:45:00]	Failed attempt to get a unit for unit flag:  UNIT:2:2621441 
 While executing JS :15:23
[2026-09-18 11:45:00]	Attempting to remove event-mgr-receive-focus event listener from a target UNIT-FLAG that did not have the event listener registered.
 While executing JS fs://game/core/ui/component-support.js:560:15
[2026-09-18 11:45:00]	Attempting to remove event-mgr-lose-focus event listener from a target UNIT-FLAG that did not have the event listener registered.
 While executing JS fs://game/core/ui/component-support.js:561:15
[2026-09-18 11:45:00]	Attempting to remove event-mgr-pop event listener from a target UNIT-FLAG that did not have the event listener registered.
 While executing JS fs://game/core/ui/component-support.js:562:15
[2026-09-18 11:45:01]	[Emigration] enclave markers: repaint(PlayerTurnActivated) skipped: world not readable yet 
 While executing JS :30:23
[2026-09-18 11:45:01]	Attempting to remove event-mgr-receive-focus event listener from a target UNIT-FLAG that did not have the event listener registered.
 While executing JS fs://game/core/ui/component-support.js:560:15
[2026-09-18 11:45:01]	Attempting to remove event-mgr-lose-focus event listener from a target UNIT-FLAG that did not have the event listener registered.
 While executing JS fs://game/core/ui/component-support.js:561:15
[2026-09-18 11:45:01]	Attempting to remove event-mgr-pop event listener from a target UNIT-FLAG that did not have the event listener registered.
 While executing JS fs://game/core/ui/component-support.js:562:15
[2026-09-18 11:45:01]	Attempting to remove event-mgr-receive-focus event listener from a target UNIT-FLAG that did not have the event listener registered.
 While executing JS fs://game/core/ui/component-support.js:560:15
[2026-09-18 11:45:01]	Attempting to remove event-mgr-lose-focus event listener from a target UNIT-FLAG that did not have the event listener registered.
 While executing JS fs://game/core/ui/component-support.js:561:15
[2026-09-18 11:45:01]	Attempting to remove event-mgr-pop event listener from a target UNIT-FLAG that did not have the event listener registered.
 While executing JS fs://game/core/ui/component-support.js:562:15
[2026-09-18 11:45:01]	Attempting to remove event-mgr-receive-focus event listener from a target UNIT-FLAG that did not have the event listener registered.
 While executing JS fs://game/core/ui/component-support.js:560:15
[2026-09-18 11:45:01]	Attempting to remove event-mgr-lose-focus event listener from a target UNIT-FLAG that did not have the event listener registered.
 While executing JS fs://game/core/ui/component-support.js:561:15
[2026-09-18 11:45:01]	Attempting to remove event-mgr-pop event listener from a target UNIT-FLAG that did not have the event listener registered.
 While executing JS fs://game/core/ui/component-support.js:562:15
[2026-09-18 11:45:01]	[Emigration] enclave markers: repaint(PlayerTurnActivated) skipped: world not readable yet 
 While executing JS :30:23
[2026-09-18 11:45:01]	model-great-works: update() - no local player found! 
 While executing JS :15:23
[2026-09-18 11:45:01]	model-great-works: update() - no local player found! 
 While executing JS :15:23
[2026-09-18 11:45:01]	Attempting to remove event-mgr-receive-focus event listener from a target UNIT-FLAG that did not have the event listener registered.
 While executing JS fs://game/core/ui/component-support.js:560:15
[2026-09-18 11:45:01]	Attempting to remove event-mgr-lose-focus event listener from a target UNIT-FLAG that did not have the event listener registered.
 While executing JS fs://game/core/ui/component-support.js:561:15
[2026-09-18 11:45:01]	Attempting to remove event-mgr-pop event listener from a target UNIT-FLAG that did not have the event listener registered.
 While executing JS fs://game/core/ui/component-support.js:562:15
[2026-09-18 11:45:01]	Attempting to remove event-mgr-receive-focus event listener from a target UNIT-FLAG that did not have the event listener registered.
 While executing JS fs://game/core/ui/component-support.js:560:15
[2026-09-18 11:45:01]	Attempting to remove event-mgr-lose-focus event listener from a target UNIT-FLAG that did not have the event listener registered.
 While executing JS fs://game/core/ui/component-support.js:561:15
[2026-09-18 11:45:01]	Attempting to remove event-mgr-pop event listener from a target UNIT-FLAG that did not have the event listener registered.
 While executing JS fs://game/core/ui/component-support.js:562:15
[2026-09-18 11:45:01]	Attempting to remove event-mgr-receive-focus event listener from a target UNIT-FLAG that did not have the event listener registered.
 While executing JS fs://game/core/ui/component-support.js:560:15
[2026-09-18 11:45:01]	Attempting to remove event-mgr-lose-focus event listener from a target UNIT-FLAG that did not have the event listener registered.
 While executing JS fs://game/core/ui/component-support.js:561:15
[2026-09-18 11:45:01]	Attempting to remove event-mgr-pop event listener from a target UNIT-FLAG that did not have the event listener registered.
 While executing JS fs://game/core/ui/component-support.js:562:15
[2026-09-18 11:45:02]	[Emigration] enclave markers: repaint(PlayerTurnActivated) skipped: world not readable yet 
 While executing JS :30:23
[2026-09-18 11:45:02]	Attempting to remove event-mgr-receive-focus event listener from a target UNIT-FLAG that did not have the event listener registered.
 While executing JS fs://game/core/ui/component-support.js:560:15
[2026-09-18 11:45:02]	Attempting to remove event-mgr-lose-focus event listener from a target UNIT-FLAG that did not have the event listener registered.
 While executing JS fs://game/core/ui/component-support.js:561:15
[2026-09-18 11:45:02]	Attempting to remove event-mgr-pop event listener from a target UNIT-FLAG that did not have the event listener registered.
 While executing JS fs://game/core/ui/component-support.js:562:15
[2026-09-18 11:45:02]	[Emigration] enclave markers: repaint(PlayerTurnActivated) skipped: world not readable yet 
 While executing JS :30:23
[2026-09-18 11:45:02]	Failed attempt to get a unit for unit flag:  UNIT:9:1048591 
 While executing JS :15:23
[2026-09-18 11:45:02]	Attempting to remove event-mgr-receive-focus event listener from a target UNIT-FLAG that did not have the event listener registered.
 While executing JS fs://game/core/ui/component-support.js:560:15
[2026-09-18 11:45:02]	Attempting to remove event-mgr-lose-focus event listener from a target UNIT-FLAG that did not have the event listener registered.
 While executing JS fs://game/core/ui/component-support.js:561:15
[2026-09-18 11:45:02]	Attempting to remove event-mgr-pop event listener from a target UNIT-FLAG that did not have the event listener registered.
 While executing JS fs://game/core/ui/component-support.js:562:15
[2026-09-18 11:45:02]	Failed attempt to get a unit for unit flag:  UNIT:9:2031645 
 While executing JS :15:23
[2026-09-18 11:45:02]	Attempting to remove event-mgr-receive-focus event listener from a target UNIT-FLAG that did not have the event listener registered.
 While executing JS fs://game/core/ui/component-support.js:560:15
[2026-09-18 11:45:02]	Attempting to remove event-mgr-lose-focus event listener from a target UNIT-FLAG that did not have the event listener registered.
 While executing JS fs://game/core/ui/component-support.js:561:15
[2026-09-18 11:45:02]	Attempting to remove event-mgr-pop event listener from a target UNIT-FLAG that did not have the event listener registered.
 While executing JS fs://game/core/ui/component-support.js:562:15
[2026-09-18 11:45:02]	Failed attempt to get a unit for unit flag:  UNIT:9:327684 
 While executing JS :15:23
[2026-09-18 11:45:02]	Attempting to remove event-mgr-receive-focus event listener from a target UNIT-FLAG that did not have the event listener registered.
 While executing JS fs://game/core/ui/component-support.js:560:15
[2026-09-18 11:45:02]	Attempting to remove event-mgr-lose-focus event listener from a target UNIT-FLAG that did not have the event listener registered.
 While executing JS fs://game/core/ui/component-support.js:561:15
[2026-09-18 11:45:02]	Attempting to remove event-mgr-pop event listener from a target UNIT-FLAG that did not have the event listener registered.
 While executing JS fs://game/core/ui/component-support.js:562:15
[2026-09-18 11:45:02]	[Emigration] enclave markers: repaint(PlayerTurnActivated) skipped: world not readable yet 
 While executing JS :30:23
[2026-09-18 11:45:02]	Attempting to remove event-mgr-receive-focus event listener from a target UNIT-FLAG that did not have the event listener registered.
 While executing JS fs://game/core/ui/component-support.js:560:15
[2026-09-18 11:45:02]	Attempting to remove event-mgr-lose-focus event listener from a target UNIT-FLAG that did not have the event listener registered.
 While executing JS fs://game/core/ui/component-support.js:561:15
[2026-09-18 11:45:02]	Attempting to remove event-mgr-pop event listener from a target UNIT-FLAG that did not have the event listener registered.
 While executing JS fs://game/core/ui/component-support.js:562:15
[2026-09-18 11:45:03]	[Emigration] enclave markers: repaint(PlayerTurnActivated) skipped: world not readable yet 
 While executing JS :30:23
[2026-09-18 11:45:03]	[Emigration] enclave markers: repaint(PlayerTurnActivated) skipped: world not readable yet 
 While executing JS :30:23
[2026-09-18 11:45:03]	[Emigration] enclave markers: repaint(PlayerTurnActivated) skipped: world not readable yet 
 While executing JS :30:23
[2026-09-18 11:45:04]	[Emigration] enclave markers: repaint(PlayerTurnActivated) skipped: world not readable yet 
 While executing JS :30:23
[2026-09-18 11:45:04]	[Emigration] enclave markers: repaint(PlayerTurnActivated) skipped: world not readable yet 
 While executing JS :30:23
[2026-09-18 11:45:04]	[Emigration] enclave markers: repaint(PlayerTurnActivated) skipped: world not readable yet 
 While executing JS :30:23
[2026-09-18 11:45:04]	Failed attempt to get a unit for unit flag:  UNIT:6:4718635 
 While executing JS :15:23
[2026-09-18 11:45:04]	Attempting to remove event-mgr-receive-focus event listener from a target UNIT-FLAG that did not have the event listener registered.
 While executing JS fs://game/core/ui/component-support.js:560:15
[2026-09-18 11:45:04]	Attempting to remove event-mgr-lose-focus event listener from a target UNIT-FLAG that did not have the event listener registered.
 While executing JS fs://game/core/ui/component-support.js:561:15
[2026-09-18 11:45:04]	Attempting to remove event-mgr-pop event listener from a target UNIT-FLAG that did not have the event listener registered.
 While executing JS fs://game/core/ui/component-support.js:562:15
[2026-09-18 11:45:04]	Failed attempt to get a unit for unit flag:  UNIT:9:3604502 
 While executing JS :15:23
[2026-09-18 11:45:04]	Attempting to remove event-mgr-receive-focus event listener from a target UNIT-FLAG that did not have the event listener registered.
 While executing JS fs://game/core/ui/component-support.js:560:15
[2026-09-18 11:45:04]	Attempting to remove event-mgr-lose-focus event listener from a target UNIT-FLAG that did not have the event listener registered.
 While executing JS fs://game/core/ui/component-support.js:561:15
[2026-09-18 11:45:04]	Attempting to remove event-mgr-pop event listener from a target UNIT-FLAG that did not have the event listener registered.
 While executing JS fs://game/core/ui/component-support.js:562:15
[2026-09-18 11:45:05]	[Emigration] enclave markers: repaint(PlayerTurnActivated) painted=7 
 While executing JS :30:23
[2026-09-18 11:45:06]	[Emigration] event type=13202562 class=CLASS_VOLCANO sev=1 loc=26,44 affectedCities=1 m=0.25 spike=5.2 
 While executing JS :30:23
[2026-09-18 11:45:07]	[EmigTest] TURN activated n=2 turn=74 activeLens=emig-ethnicity-lens 
 While executing JS :15:23
[2026-09-18 11:45:07]	[Emigration] abandoned IMPROVEMENT_FARM at plot 3768 
 While executing JS :30:23
[2026-09-18 11:45:07]	[Emigration] abandoned IMPROVEMENT_FISHING_BOAT_RESOURCE at plot 5161 
 While executing JS :30:23
[2026-09-18 11:45:07]	[Emigration] abandoned IMPROVEMENT_FISHING_BOAT at plot 4632 
 While executing JS :30:23
[2026-09-18 11:45:07]	[Emigration] abandoned IMPROVEMENT_WOODCUTTER at plot 4337 
 While executing JS :30:23
[2026-09-18 11:45:07]	[Emigration] abandoned IMPROVEMENT_WOODCUTTER at plot 1615 
 While executing JS :30:23
[2026-09-18 11:45:07]	[Emigration] netdist [c0:pts=-2,ppl=-200993 c2:pts=-7,ppl=-71869 c4:pts=2,ppl=-97885 c7:pts=3,ppl=147925 c8:pts=-4,ppl=-125531] thisPass: arriveX>-/7 arrive>-/7 arrive>-/0 arrive>-/0 arrive>-/0 departX>8/- depart>2/- depart>9/- departX>8/- depart>0/- 
 While executing JS :30:23
[2026-09-18 11:45:07]	[Emigration] EMIGRATION 28,000 people left Pudanagala (Chola) for Frankfurt am Main (Chola) 
 While executing JS :30:23
[2026-09-18 11:45:07]	[Emigration] MIGRATION 78,000 people moved from Preslav to Tula 
 While executing JS :30:23
[2026-09-18 11:45:07]	[Emigration] MIGRATION 95,000 people moved from Himeji to Osaka 
 While executing JS :30:23
[2026-09-18 11:45:07]	[Emigration] EMIGRATION 63,000 people left Gangaikonda Cholapuram (Chola) for Frankfurt am Main (Chola) 
 While executing JS :30:23
[2026-09-18 11:45:07]	[Emigration] MIGRATION 112,000 people moved from Hilo to Baghdād 
 While executing JS :30:23
[2026-09-18 11:45:07]	[Emigration] pass (turn 74) 10 migs, 481ms 
 While executing JS :30:23
[2026-09-18 11:45:08]	[Emigration] enclave markers: repaint(PlayerTurnActivated) painted=7 
 While executing JS :30:23
[2026-09-18 11:45:08]	[Emigration] auto-placed 1 newcomer point(s) in Washington, D.C. 
 While executing JS :30:23
[2026-09-18 11:45:08]	[Emigration] enclave markers: repaint(ConstructibleAddedToMap) painted=7 
 While executing JS :30:23
[2026-09-18 11:45:09]	[Emigration] empty rural district cleared at plot 3768 
 While executing JS :30:23
[2026-09-18 11:45:09]	[Emigration] empty rural district cleared at plot 5161 
 While executing JS :30:23
[2026-09-18 11:45:09]	[Emigration] empty rural district cleared at plot 4632 
 While executing JS :30:23
[2026-09-18 11:45:09]	[Emigration] empty rural district cleared at plot 4337 
 While executing JS :30:23
[2026-09-18 11:45:09]	[Emigration] empty rural district cleared at plot 1615 
 While executing JS :30:23
[2026-09-18 11:45:15]	[EmigTest] ITEM2 after turn 2 detectorsWithMarker=0 [] transit=18 transitWithMix=14 transitCarryingMarker=4 sample=[{"mix":{"1":0.5,"7":0.5},"src":"17,27","dest":"14,4"},{"mix":{"1":0.5,"7":0.5},"src":"30,10","dest":"14,4"}] 
 While executing JS :15:23
[2026-09-18 11:45:23]	[EmigTest] ENDTURN blocked (-2084516792), one Autoplay turn 
 While executing JS :15:23
[2026-09-18 11:45:23]	Tutorial: Autoplay started, auto-marking complete any active items. 
 While executing JS :30:23
[2026-09-18 11:45:23]	Unable to resolve custom variable: dg-fs-85
[2026-09-18 11:45:24]	Attempting to remove event-mgr-receive-focus event listener from a target UNIT-FLAG that did not have the event listener registered.
 While executing JS fs://game/core/ui/component-support.js:560:15
[2026-09-18 11:45:24]	Attempting to remove event-mgr-lose-focus event listener from a target UNIT-FLAG that did not have the event listener registered.
 While executing JS fs://game/core/ui/component-support.js:561:15
[2026-09-18 11:45:24]	Attempting to remove event-mgr-pop event listener from a target UNIT-FLAG that did not have the event listener registered.
 While executing JS fs://game/core/ui/component-support.js:562:15
[2026-09-18 11:45:24]	Attempting to remove event-mgr-receive-focus event listener from a target UNIT-FLAG that did not have the event listener registered.
 While executing JS fs://game/core/ui/component-support.js:560:15
[2026-09-18 11:45:24]	Attempting to remove event-mgr-lose-focus event listener from a target UNIT-FLAG that did not have the event listener registered.
 While executing JS fs://game/core/ui/component-support.js:561:15
[2026-09-18 11:45:24]	Attempting to remove event-mgr-pop event listener from a target UNIT-FLAG that did not have the event listener registered.
 While executing JS fs://game/core/ui/component-support.js:562:15
[2026-09-18 11:45:24]	Attempting to remove event-mgr-receive-focus event listener from a target UNIT-FLAG that did not have the event listener registered.
 While executing JS fs://game/core/ui/component-support.js:560:15
[2026-09-18 11:45:24]	Attempting to remove event-mgr-lose-focus event listener from a target UNIT-FLAG that did not have the event listener registered.
 While executing JS fs://game/core/ui/component-support.js:561:15
[2026-09-18 11:45:24]	Attempting to remove event-mgr-pop event listener from a target UNIT-FLAG that did not have the event listener registered.
 While executing JS fs://game/core/ui/component-support.js:562:15
[2026-09-18 11:45:24]	Attempting to remove event-mgr-receive-focus event listener from a target UNIT-FLAG that did not have the event listener registered.
 While executing JS fs://game/core/ui/component-support.js:560:15
[2026-09-18 11:45:24]	Attempting to remove event-mgr-lose-focus event listener from a target UNIT-FLAG that did not have the event listener registered.
 While executing JS fs://game/core/ui/component-support.js:561:15
[2026-09-18 11:45:24]	Attempting to remove event-mgr-pop event listener from a target UNIT-FLAG that did not have the event listener registered.
 While executing JS fs://game/core/ui/component-support.js:562:15
[2026-09-18 11:45:24]	Attempting to remove event-mgr-receive-focus event listener from a target UNIT-FLAG that did not have the event listener registered.
 While executing JS fs://game/core/ui/component-support.js:560:15
[2026-09-18 11:45:24]	Attempting to remove event-mgr-lose-focus event listener from a target UNIT-FLAG that did not have the event listener registered.
 While executing JS fs://game/core/ui/component-support.js:561:15
[2026-09-18 11:45:24]	Attempting to remove event-mgr-pop event listener from a target UNIT-FLAG that did not have the event listener registered.
 While executing JS fs://game/core/ui/component-support.js:562:15
[2026-09-18 11:45:24]	Attempting to remove event-mgr-receive-focus event listener from a target UNIT-FLAG that did not have the event listener registered.
 While executing JS fs://game/core/ui/component-support.js:560:15
[2026-09-18 11:45:24]	Attempting to remove event-mgr-lose-focus event listener from a target UNIT-FLAG that did not have the event listener registered.
 While executing JS fs://game/core/ui/component-support.js:561:15
[2026-09-18 11:45:24]	Attempting to remove event-mgr-pop event listener from a target UNIT-FLAG that did not have the event listener registered.
 While executing JS fs://game/core/ui/component-support.js:562:15
[2026-09-18 11:45:24]	Attempting to remove event-mgr-receive-focus event listener from a target UNIT-FLAG that did not have the event listener registered.
 While executing JS fs://game/core/ui/component-support.js:560:15
[2026-09-18 11:45:24]	Attempting to remove event-mgr-lose-focus event listener from a target UNIT-FLAG that did not have the event listener registered.
 While executing JS fs://game/core/ui/component-support.js:561:15
[2026-09-18 11:45:24]	Attempting to remove event-mgr-pop event listener from a target UNIT-FLAG that did not have the event listener registered.
 While executing JS fs://game/core/ui/component-support.js:562:15
[2026-09-18 11:45:24]	Attempting to remove event-mgr-receive-focus event listener from a target UNIT-FLAG that did not have the event listener registered.
 While executing JS fs://game/core/ui/component-support.js:560:15
[2026-09-18 11:45:24]	Attempting to remove event-mgr-lose-focus event listener from a target UNIT-FLAG that did not have the event listener registered.
 While executing JS fs://game/core/ui/component-support.js:561:15
[2026-09-18 11:45:24]	Attempting to remove event-mgr-pop event listener from a target UNIT-FLAG that did not have the event listener registered.
 While executing JS fs://game/core/ui/component-support.js:562:15
[2026-09-18 11:45:24]	Attempting to remove event-mgr-receive-focus event listener from a target UNIT-FLAG that did not have the event listener registered.
 While executing JS fs://game/core/ui/component-support.js:560:15
[2026-09-18 11:45:24]	Attempting to remove event-mgr-lose-focus event listener from a target UNIT-FLAG that did not have the event listener registered.
 While executing JS fs://game/core/ui/component-support.js:561:15
[2026-09-18 11:45:24]	Attempting to remove event-mgr-pop event listener from a target UNIT-FLAG that did not have the event listener registered.
 While executing JS fs://game/core/ui/component-support.js:562:15
[2026-09-18 11:45:24]	Attempting to remove event-mgr-receive-focus event listener from a target UNIT-FLAG that did not have the event listener registered.
 While executing JS fs://game/core/ui/component-support.js:560:15
[2026-09-18 11:45:24]	Attempting to remove event-mgr-lose-focus event listener from a target UNIT-FLAG that did not have the event listener registered.
 While executing JS fs://game/core/ui/component-support.js:561:15
[2026-09-18 11:45:24]	Attempting to remove event-mgr-pop event listener from a target UNIT-FLAG that did not have the event listener registered.
 While executing JS fs://game/core/ui/component-support.js:562:15
[2026-09-18 11:45:24]	Attempting to remove event-mgr-receive-focus event listener from a target UNIT-FLAG that did not have the event listener registered.
 While executing JS fs://game/core/ui/component-support.js:560:15
[2026-09-18 11:45:24]	Attempting to remove event-mgr-lose-focus event listener from a target UNIT-FLAG that did not have the event listener registered.
 While executing JS fs://game/core/ui/component-support.js:561:15
[2026-09-18 11:45:24]	Attempting to remove event-mgr-pop event listener from a target UNIT-FLAG that did not have the event listener registered.
 While executing JS fs://game/core/ui/component-support.js:562:15
[2026-09-18 11:45:24]	Attempting to remove event-mgr-receive-focus event listener from a target UNIT-FLAG that did not have the event listener registered.
 While executing JS fs://game/core/ui/component-support.js:560:15
[2026-09-18 11:45:24]	Attempting to remove event-mgr-lose-focus event listener from a target UNIT-FLAG that did not have the event listener registered.
 While executing JS fs://game/core/ui/component-support.js:561:15
[2026-09-18 11:45:24]	Attempting to remove event-mgr-pop event listener from a target UNIT-FLAG that did not have the event listener registered.
 While executing JS fs://game/core/ui/component-support.js:562:15
[2026-09-18 11:45:24]	Attempting to remove event-mgr-receive-focus event listener from a target UNIT-FLAG that did not have the event listener registered.
 While executing JS fs://game/core/ui/component-support.js:560:15
[2026-09-18 11:45:24]	Attempting to remove event-mgr-lose-focus event listener from a target UNIT-FLAG that did not have the event listener registered.
 While executing JS fs://game/core/ui/component-support.js:561:15
[2026-09-18 11:45:24]	Attempting to remove event-mgr-pop event listener from a target UNIT-FLAG that did not have the event listener registered.
 While executing JS fs://game/core/ui/component-support.js:562:15
[2026-09-18 11:45:24]	Attempting to remove event-mgr-receive-focus event listener from a target UNIT-FLAG that did not have the event listener registered.
 While executing JS fs://game/core/ui/component-support.js:560:15
[2026-09-18 11:45:24]	Attempting to remove event-mgr-lose-focus event listener from a target UNIT-FLAG that did not have the event listener registered.
 While executing JS fs://game/core/ui/component-support.js:561:15
[2026-09-18 11:45:24]	Attempting to remove event-mgr-pop event listener from a target UNIT-FLAG that did not have the event listener registered.
 While executing JS fs://game/core/ui/component-support.js:562:15
[2026-09-18 11:45:24]	Attempting to remove event-mgr-receive-focus event listener from a target UNIT-FLAG that did not have the event listener registered.
 While executing JS fs://game/core/ui/component-support.js:560:15
[2026-09-18 11:45:24]	Attempting to remove event-mgr-lose-focus event listener from a target UNIT-FLAG that did not have the event listener registered.
 While executing JS fs://game/core/ui/component-support.js:561:15
[2026-09-18 11:45:24]	Attempting to remove event-mgr-pop event listener from a target UNIT-FLAG that did not have the event listener registered.
 While executing JS fs://game/core/ui/component-support.js:562:15
[2026-09-18 11:45:24]	Attempting to remove event-mgr-receive-focus event listener from a target UNIT-FLAG that did not have the event listener registered.
 While executing JS fs://game/core/ui/component-support.js:560:15
[2026-09-18 11:45:24]	Attempting to remove event-mgr-lose-focus event listener from a target UNIT-FLAG that did not have the event listener registered.
 While executing JS fs://game/core/ui/component-support.js:561:15
[2026-09-18 11:45:24]	Attempting to remove event-mgr-pop event listener from a target UNIT-FLAG that did not have the event listener registered.
 While executing JS fs://game/core/ui/component-support.js:562:15
[2026-09-18 11:45:24]	Attempting to remove event-mgr-receive-focus event listener from a target UNIT-FLAG that did not have the event listener registered.
 While executing JS fs://game/core/ui/component-support.js:560:15
[2026-09-18 11:45:24]	Attempting to remove event-mgr-lose-focus event listener from a target UNIT-FLAG that did not have the event listener registered.
 While executing JS fs://game/core/ui/component-support.js:561:15
[2026-09-18 11:45:24]	Attempting to remove event-mgr-pop event listener from a target UNIT-FLAG that did not have the event listener registered.
 While executing JS fs://game/core/ui/component-support.js:562:15
[2026-09-18 11:45:24]	Attempting to remove event-mgr-receive-focus event listener from a target UNIT-FLAG that did not have the event listener registered.
 While executing JS fs://game/core/ui/component-support.js:560:15
[2026-09-18 11:45:24]	Attempting to remove event-mgr-lose-focus event listener from a target UNIT-FLAG that did not have the event listener registered.
 While executing JS fs://game/core/ui/component-support.js:561:15
[2026-09-18 11:45:24]	Attempting to remove event-mgr-pop event listener from a target UNIT-FLAG that did not have the event listener registered.
 While executing JS fs://game/core/ui/component-support.js:562:15
[2026-09-18 11:45:24]	[Emigration] enclave markers: repaint(ConstructibleAddedToMap) skipped: world not readable yet 
[2026-09-18 11:45:24]	model-great-works: update() - no local player found! 
 While executing JS :15:23
[2026-09-18 11:45:24]	[Emigration] enclave markers: repaint(PlayerTurnActivated) skipped: world not readable yet 
 While executing JS :30:23
[2026-09-18 11:45:25]	panel-sub-system-dock: createTraditionsTooltip() - No local player! 
 While executing JS :15:23
[2026-09-18 11:45:25]	model-great-works: update() - no local player found! 
 While executing JS :15:23
[2026-09-18 11:45:25]	Attempting to remove event-mgr-receive-focus event listener from a target UNIT-FLAG that did not have the event listener registered.
 While executing JS fs://game/core/ui/component-support.js:560:15
[2026-09-18 11:45:25]	Attempting to remove event-mgr-lose-focus event listener from a target UNIT-FLAG that did not have the event listener registered.
 While executing JS fs://game/core/ui/component-support.js:561:15
[2026-09-18 11:45:25]	Attempting to remove event-mgr-pop event listener from a target UNIT-FLAG that did not have the event listener registered.
 While executing JS fs://game/core/ui/component-support.js:562:15
[2026-09-18 11:45:25]	Attempting to remove event-mgr-receive-focus event listener from a target UNIT-FLAG that did not have the event listener registered.
 While executing JS fs://game/core/ui/component-support.js:560:15
[2026-09-18 11:45:25]	Attempting to remove event-mgr-lose-focus event listener from a target UNIT-FLAG that did not have the event listener registered.
 While executing JS fs://game/core/ui/component-support.js:561:15
[2026-09-18 11:45:25]	Attempting to remove event-mgr-pop event listener from a target UNIT-FLAG that did not have the event listener registered.
 While executing JS fs://game/core/ui/component-support.js:562:15
[2026-09-18 11:45:25]	[Emigration] enclave markers: repaint(PlayerTurnActivated) skipped: world not readable yet 
 While executing JS :30:23
[2026-09-18 11:45:25]	Failed attempt to get a unit for unit flag:  UNIT:8:4980748 
 While executing JS :15:23
[2026-09-18 11:45:25]	Attempting to remove event-mgr-receive-focus event listener from a target UNIT-FLAG that did not have the event listener registered.
 While executing JS fs://game/core/ui/component-support.js:560:15
[2026-09-18 11:45:25]	Attempting to remove event-mgr-lose-focus event listener from a target UNIT-FLAG that did not have the event listener registered.
 While executing JS fs://game/core/ui/component-support.js:561:15
[2026-09-18 11:45:25]	Attempting to remove event-mgr-pop event listener from a target UNIT-FLAG that did not have the event listener registered.
 While executing JS fs://game/core/ui/component-support.js:562:15
[2026-09-18 11:45:25]	Attempting to remove event-mgr-receive-focus event listener from a target UNIT-FLAG that did not have the event listener registered.
 While executing JS fs://game/core/ui/component-support.js:560:15
[2026-09-18 11:45:25]	Attempting to remove event-mgr-lose-focus event listener from a target UNIT-FLAG that did not have the event listener registered.
 While executing JS fs://game/core/ui/component-support.js:561:15
[2026-09-18 11:45:25]	Attempting to remove event-mgr-pop event listener from a target UNIT-FLAG that did not have the event listener registered.
 While executing JS fs://game/core/ui/component-support.js:562:15
[2026-09-18 11:45:25]	[Emigration] enclave markers: repaint(PlayerTurnActivated) skipped: world not readable yet 
 While executing JS :30:23
[2026-09-18 11:45:26]	model-great-works: update() - no local player found! 
 While executing JS :15:23
[2026-09-18 11:45:26]	Failed attempt to get a unit for unit flag:  UNIT:7:5439491 
 While executing JS :15:23
[2026-09-18 11:45:26]	Failed attempt to get a unit for unit flag:  UNIT:7:5439491 
 While executing JS :15:23
[2026-09-18 11:45:26]	Attempting to remove event-mgr-receive-focus event listener from a target UNIT-FLAG that did not have the event listener registered.
 While executing JS fs://game/core/ui/component-support.js:560:15
[2026-09-18 11:45:26]	Attempting to remove event-mgr-lose-focus event listener from a target UNIT-FLAG that did not have the event listener registered.
 While executing JS fs://game/core/ui/component-support.js:561:15
[2026-09-18 11:45:26]	Attempting to remove event-mgr-pop event listener from a target UNIT-FLAG that did not have the event listener registered.
 While executing JS fs://game/core/ui/component-support.js:562:15
[2026-09-18 11:45:26]	[Emigration] enclave markers: repaint(PlayerTurnActivated) skipped: world not readable yet 
 While executing JS :30:23
[2026-09-18 11:45:26]	[Emigration] enclave markers: repaint(PlayerTurnActivated) skipped: world not readable yet 
 While executing JS :30:23
[2026-09-18 11:45:26]	model-great-works: update() - no local player found! 
 While executing JS :15:23
[2026-09-18 11:45:26]	Failed attempt to get a unit for unit flag:  UNIT:8:2490405 
 While executing JS :15:23
[2026-09-18 11:45:26]	Attempting to remove event-mgr-receive-focus event listener from a target UNIT-FLAG that did not have the event listener registered.
 While executing JS fs://game/core/ui/component-support.js:560:15
[2026-09-18 11:45:26]	Attempting to remove event-mgr-lose-focus event listener from a target UNIT-FLAG that did not have the event listener registered.
 While executing JS fs://game/core/ui/component-support.js:561:15
[2026-09-18 11:45:26]	Attempting to remove event-mgr-pop event listener from a target UNIT-FLAG that did not have the event listener registered.
 While executing JS fs://game/core/ui/component-support.js:562:15
[2026-09-18 11:45:27]	[Emigration] enclave markers: repaint(PlayerTurnActivated) skipped: world not readable yet 
 While executing JS :30:23
[2026-09-18 11:45:27]	[Emigration] enclave markers: repaint(PlayerTurnActivated) skipped: world not readable yet 
 While executing JS :30:23
[2026-09-18 11:45:27]	[Emigration] enclave markers: repaint(PlayerTurnActivated) skipped: world not readable yet 
 While executing JS :30:23
[2026-09-18 11:45:27]	[Emigration] enclave markers: repaint(PlayerTurnActivated) skipped: world not readable yet 
 While executing JS :30:23
[2026-09-18 11:45:28]	[Emigration] enclave markers: repaint(PlayerTurnActivated) skipped: world not readable yet 
 While executing JS :30:23
[2026-09-18 11:45:28]	[Emigration] enclave markers: repaint(PlayerTurnActivated) skipped: world not readable yet 
 While executing JS :30:23
[2026-09-18 11:45:28]	[Emigration] enclave markers: repaint(PlayerTurnActivated) painted=7 
[2026-09-18 11:45:30]	[Emigration] event type=-1252595305 class=CLASS_VOLCANO sev=1 loc=66,5 affectedCities=0 m=0.40 spike=6.9 
 While executing JS :30:23
[2026-09-18 11:45:30]	[EmigTest] TURN activated n=3 turn=75 activeLens=emig-ethnicity-lens 
 While executing JS :15:23
[2026-09-18 11:45:31]	[Emigration] assimilation: load 5.0 cost -2.5 happy -15 gold 
 While executing JS :30:23
[2026-09-18 11:45:31]	[Emigration] abandoned IMPROVEMENT_MINE at plot 4635 
 While executing JS :30:23
[2026-09-18 11:45:31]	[Emigration] netdist [c0:pts=-2,ppl=-200993 c2:pts=-7,ppl=-71869 c4:pts=2,ppl=-97885 c7:pts=8,ppl=386340 c8:pts=-4,ppl=-125531] thisPass: arriveX>-/7 arriveX>-/7 arriveX>-/7 arriveX>-/7 arriveX>-/7 arrive>-/8 arrive>-/8 depart>9/- 
 While executing JS :30:23
[2026-09-18 11:45:31]	[Emigration] MIGRATION 87,000 people moved from Himeji to Osaka 
 While executing JS :30:23
[2026-09-18 11:45:31]	[Emigration] pass (turn 75) 8 migs, 461ms 
 While executing JS :30:23
[2026-09-18 11:45:31]	[Emigration] enclave markers: repaint(PlayerTurnActivated) painted=7 
 While executing JS :30:23
[2026-09-18 11:45:33]	[Emigration] empty rural district cleared at plot 4635 
 While executing JS :30:23
[2026-09-18 11:45:37]	Attempting to remove event-mgr-receive-focus event listener from a target WORLD-ANCHOR-TEXT that did not have the event listener registered.
 While executing JS fs://game/core/ui/component-support.js:560:15
[2026-09-18 11:45:37]	Attempting to remove event-mgr-lose-focus event listener from a target WORLD-ANCHOR-TEXT that did not have the event listener registered.
 While executing JS fs://game/core/ui/component-support.js:561:15
[2026-09-18 11:45:37]	Attempting to remove event-mgr-pop event listener from a target WORLD-ANCHOR-TEXT that did not have the event listener registered.
 While executing JS fs://game/core/ui/component-support.js:562:15
[2026-09-18 11:45:37]	Unable to resolve custom variable: dg-fs-85
[2026-09-18 11:45:38]	[EmigTest] ITEM2 after turn 3 detectorsWithMarker=0 [] transit=12 transitWithMix=12 transitCarryingMarker=4 sample=[{"mix":{"1":0.5,"7":0.5},"src":"17,27","dest":"14,4"},{"mix":{"1":0.5,"7":0.5},"src":"30,10","dest":"14,4"}] 
 While executing JS :15:23
[2026-09-18 11:45:38]	[EmigTest] POPUP dismissing screen-tech-civic-complete 
 While executing JS :15:23
[2026-09-18 11:45:38]	Attempting to remove engine-input event listener from a target  that did not have the event listener registered.
 While executing JS fs://game/core/ui/component-support.js:266:16
[2026-09-18 11:45:38]	Attempting to remove engine-input event listener from a target  that did not have the event listener registered.
 While executing JS fs://game/core/ui/component-support.js:266:16
[2026-09-18 11:45:38]	Attempting to remove engine-input event listener from a target  that did not have the event listener registered.
 While executing JS fs://game/core/ui/component-support.js:266:16
[2026-09-18 11:45:38]	Attempting to remove engine-input event listener from a target  that did not have the event listener registered.
 While executing JS fs://game/core/ui/component-support.js:266:16
[2026-09-18 11:45:38]	Attempting to remove engine-input event listener from a target  that did not have the event listener registered.
 While executing JS fs://game/core/ui/component-support.js:266:16
[2026-09-18 11:45:38]	Unable to resolve custom variable: dg-fs-85
[2026-09-18 11:45:49]	[EmigTest] ENDTURN blocked (442844772), one Autoplay turn 
 While executing JS :15:23
[2026-09-18 11:45:49]	Tutorial: Autoplay started, auto-marking complete any active items. 
 While executing JS :30:23
[2026-09-18 11:45:49]	Unable to resolve custom variable: dg-fs-85
[2026-09-18 11:45:50]	Attempting to remove event-mgr-receive-focus event listener from a target UNIT-FLAG that did not have the event listener registered.
[2026-09-18 11:45:50]	Attempting to remove event-mgr-lose-focus event listener from a target UNIT-FLAG that did not have the event listener registered.
[2026-09-18 11:45:50]	Attempting to remove event-mgr-pop event listener from a target UNIT-FLAG that did not have the event listener registered.
[2026-09-18 11:45:50]	Attempting to remove event-mgr-receive-focus event listener from a target UNIT-FLAG that did not have the event listener registered.
[2026-09-18 11:45:50]	Attempting to remove event-mgr-lose-focus event listener from a target UNIT-FLAG that did not have the event listener registered.
[2026-09-18 11:45:50]	Attempting to remove event-mgr-pop event listener from a target UNIT-FLAG that did not have the event listener registered.
[2026-09-18 11:45:50]	Attempting to remove event-mgr-receive-focus event listener from a target UNIT-FLAG that did not have the event listener registered.
[2026-09-18 11:45:50]	Attempting to remove event-mgr-lose-focus event listener from a target UNIT-FLAG that did not have the event listener registered.
[2026-09-18 11:45:50]	Attempting to remove event-mgr-pop event listener from a target UNIT-FLAG that did not have the event listener registered.
[2026-09-18 11:45:50]	Attempting to remove event-mgr-receive-focus event listener from a target UNIT-FLAG that did not have the event listener registered.
[2026-09-18 11:45:50]	Attempting to remove event-mgr-lose-focus event listener from a target UNIT-FLAG that did not have the event listener registered.
[2026-09-18 11:45:50]	Attempting to remove event-mgr-pop event listener from a target UNIT-FLAG that did not have the event listener registered.
[2026-09-18 11:45:50]	Attempting to remove event-mgr-receive-focus event listener from a target UNIT-FLAG that did not have the event listener registered.
[2026-09-18 11:45:50]	Attempting to remove event-mgr-lose-focus event listener from a target UNIT-FLAG that did not have the event listener registered.
[2026-09-18 11:45:50]	Attempting to remove event-mgr-pop event listener from a target UNIT-FLAG that did not have the event listener registered.
[2026-09-18 11:45:50]	Attempting to remove event-mgr-receive-focus event listener from a target UNIT-FLAG that did not have the event listener registered.
[2026-09-18 11:45:50]	Attempting to remove event-mgr-lose-focus event listener from a target UNIT-FLAG that did not have the event listener registered.
[2026-09-18 11:45:50]	Attempting to remove event-mgr-pop event listener from a target UNIT-FLAG that did not have the event listener registered.
[2026-09-18 11:45:50]	Attempting to remove event-mgr-receive-focus event listener from a target UNIT-FLAG that did not have the event listener registered.
[2026-09-18 11:45:50]	Attempting to remove event-mgr-lose-focus event listener from a target UNIT-FLAG that did not have the event listener registered.
[2026-09-18 11:45:50]	Attempting to remove event-mgr-pop event listener from a target UNIT-FLAG that did not have the event listener registered.
[2026-09-18 11:45:50]	Attempting to remove event-mgr-receive-focus event listener from a target UNIT-FLAG that did not have the event listener registered.
[2026-09-18 11:45:50]	Attempting to remove event-mgr-lose-focus event listener from a target UNIT-FLAG that did not have the event listener registered.
[2026-09-18 11:45:50]	Attempting to remove event-mgr-pop event listener from a target UNIT-FLAG that did not have the event listener registered.
[2026-09-18 11:45:50]	Attempting to remove event-mgr-receive-focus event listener from a target UNIT-FLAG that did not have the event listener registered.
[2026-09-18 11:45:50]	Attempting to remove event-mgr-lose-focus event listener from a target UNIT-FLAG that did not have the event listener registered.
[2026-09-18 11:45:50]	Attempting to remove event-mgr-pop event listener from a target UNIT-FLAG that did not have the event listener registered.
[2026-09-18 11:45:50]	[Emigration] enclave markers: repaint(ConstructibleAddedToMap) skipped: world not readable yet 
 While executing JS :30:23
[2026-09-18 11:45:50]	[Emigration] enclave markers: repaint(PlayerTurnActivated) skipped: world not readable yet 
 While executing JS :30:23
[2026-09-18 11:45:51]	model-great-works: update() - no local player found! 
 While executing JS :15:23
[2026-09-18 11:45:51]	Attempting to remove event-mgr-receive-focus event listener from a target UNIT-FLAG that did not have the event listener registered.
 While executing JS fs://game/core/ui/component-support.js:560:15
[2026-09-18 11:45:51]	Attempting to remove event-mgr-lose-focus event listener from a target UNIT-FLAG that did not have the event listener registered.
 While executing JS fs://game/core/ui/component-support.js:561:15
[2026-09-18 11:45:51]	Attempting to remove event-mgr-pop event listener from a target UNIT-FLAG that did not have the event listener registered.
 While executing JS fs://game/core/ui/component-support.js:562:15
[2026-09-18 11:45:51]	Attempting to remove event-mgr-receive-focus event listener from a target UNIT-FLAG that did not have the event listener registered.
 While executing JS fs://game/core/ui/component-support.js:560:15
[2026-09-18 11:45:51]	Attempting to remove event-mgr-lose-focus event listener from a target UNIT-FLAG that did not have the event listener registered.
 While executing JS fs://game/core/ui/component-support.js:561:15
[2026-09-18 11:45:51]	Attempting to remove event-mgr-pop event listener from a target UNIT-FLAG that did not have the event listener registered.
 While executing JS fs://game/core/ui/component-support.js:562:15
[2026-09-18 11:45:51]	[Emigration] enclave markers: repaint(PlayerTurnActivated) skipped: world not readable yet 
 While executing JS :30:23
[2026-09-18 11:45:51]	Cannot create unit flag for null unit object with ID: UNIT:6:5373994 
 While executing JS :30:23
[2026-09-18 11:45:51]	[Emigration] enclave markers: repaint(PlayerTurnActivated) skipped: world not readable yet 
 While executing JS :30:23
[2026-09-18 11:45:54]	model-great-works: update() - no local player found! 
 While executing JS :15:23
[2026-09-18 11:45:54]	Failed attempt to get a unit for unit flag:  UNIT:14:786435 
 While executing JS :15:23
[2026-09-18 11:45:54]	Failed attempt to get a unit for unit flag:  UNIT:14:786435 
 While executing JS :15:23
[2026-09-18 11:45:54]	JS Error: fs://game/base-standard/ui/unit-flags/privateer-flags.js:38: TypeError: Cannot read properties of null (reading 'Health')
[2026-09-18 11:45:54]	JS Error (Line):     if (this.privateerContainer != void 0 && this.unit.Health) {
[2026-09-18 11:45:54]	JS Error (Stack): TypeError: Cannot read properties of null (reading 'Health')
    at PrivateerFlag.updateHealth (fs://game/base-standard/ui/unit-flags/privateer-flags.js:38:56)
    at UnitFlagManager.onUnitDamageChanged (fs://game/base-standard/ui/unit-flags/unit-flag-manager.js:290:14)
[2026-09-18 11:45:54]	Attempting to remove event-mgr-receive-focus event listener from a target PRIVATEER-FLAG that did not have the event listener registered.
 While executing JS fs://game/core/ui/component-support.js:560:15
[2026-09-18 11:45:54]	Attempting to remove event-mgr-lose-focus event listener from a target PRIVATEER-FLAG that did not have the event listener registered.
 While executing JS fs://game/core/ui/component-support.js:561:15
[2026-09-18 11:45:54]	Attempting to remove event-mgr-pop event listener from a target PRIVATEER-FLAG that did not have the event listener registered.
 While executing JS fs://game/core/ui/component-support.js:562:15
[2026-09-18 11:45:54]	unit-flags-independent-powers: Failed attempt to get a unit for:  UNIT:24:262147 
 While executing JS :15:23
[2026-09-18 11:45:54]	Attempting to remove event-mgr-receive-focus event listener from a target UNIT-FLAGS-INDEPENDENT-POWERS that did not have the event listener registered.
 While executing JS fs://game/core/ui/component-support.js:560:15
[2026-09-18 11:45:54]	Attempting to remove event-mgr-lose-focus event listener from a target UNIT-FLAGS-INDEPENDENT-POWERS that did not have the event listener registered.
 While executing JS fs://game/core/ui/component-support.js:561:15
[2026-09-18 11:45:54]	Attempting to remove event-mgr-pop event listener from a target UNIT-FLAGS-INDEPENDENT-POWERS that did not have the event listener registered.
 While executing JS fs://game/core/ui/component-support.js:562:15
[2026-09-18 11:45:54]	[Emigration] enclave markers: repaint(PlayerTurnActivated) skipped: world not readable yet 
 While executing JS :30:23
[2026-09-18 11:45:54]	model-great-works: update() - no local player found! 
 While executing JS :15:23
[2026-09-18 11:45:54]	Failed attempt to get a unit for unit flag:  UNIT:9:655369 
 While executing JS :15:23
[2026-09-18 11:45:54]	Attempting to remove event-mgr-receive-focus event listener from a target UNIT-FLAG that did not have the event listener registered.
 While executing JS fs://game/core/ui/component-support.js:560:15
[2026-09-18 11:45:54]	Attempting to remove event-mgr-lose-focus event listener from a target UNIT-FLAG that did not have the event listener registered.
 While executing JS fs://game/core/ui/component-support.js:561:15
[2026-09-18 11:45:54]	Attempting to remove event-mgr-pop event listener from a target UNIT-FLAG that did not have the event listener registered.
 While executing JS fs://game/core/ui/component-support.js:562:15
[2026-09-18 11:45:54]	[Emigration] enclave markers: repaint(PlayerTurnActivated) skipped: world not readable yet 
 While executing JS :30:23
[2026-09-18 11:45:54]	Failed attempt to get a unit for unit flag:  UNIT:9:4325400 
 While executing JS :15:23
[2026-09-18 11:45:54]	Failed attempt to get a unit for unit flag:  UNIT:9:4325400 
 While executing JS :15:23
[2026-09-18 11:45:54]	Attempting to remove event-mgr-receive-focus event listener from a target UNIT-FLAG that did not have the event listener registered.
 While executing JS fs://game/core/ui/component-support.js:560:15
[2026-09-18 11:45:54]	Attempting to remove event-mgr-lose-focus event listener from a target UNIT-FLAG that did not have the event listener registered.
 While executing JS fs://game/core/ui/component-support.js:561:15
[2026-09-18 11:45:54]	Attempting to remove event-mgr-pop event listener from a target UNIT-FLAG that did not have the event listener registered.
 While executing JS fs://game/core/ui/component-support.js:562:15
[2026-09-18 11:45:54]	Attempting to remove event-mgr-receive-focus event listener from a target UNIT-FLAG that did not have the event listener registered.
 While executing JS fs://game/core/ui/component-support.js:560:15
[2026-09-18 11:45:54]	Attempting to remove event-mgr-lose-focus event listener from a target UNIT-FLAG that did not have the event listener registered.
 While executing JS fs://game/core/ui/component-support.js:561:15
[2026-09-18 11:45:54]	Attempting to remove event-mgr-pop event listener from a target UNIT-FLAG that did not have the event listener registered.
 While executing JS fs://game/core/ui/component-support.js:562:15
[2026-09-18 11:45:55]	[Emigration] enclave markers: repaint(PlayerTurnActivated) skipped: world not readable yet 
 While executing JS :30:23
[2026-09-18 11:45:55]	Failed attempt to get a unit for unit flag:  UNIT:26:262147 
 While executing JS :15:23
[2026-09-18 11:45:55]	Attempting to remove event-mgr-receive-focus event listener from a target UNIT-FLAG that did not have the event listener registered.
 While executing JS fs://game/core/ui/component-support.js:560:15
[2026-09-18 11:45:55]	Attempting to remove event-mgr-lose-focus event listener from a target UNIT-FLAG that did not have the event listener registered.
 While executing JS fs://game/core/ui/component-support.js:561:15
[2026-09-18 11:45:55]	Attempting to remove event-mgr-pop event listener from a target UNIT-FLAG that did not have the event listener registered.
 While executing JS fs://game/core/ui/component-support.js:562:15
[2026-09-18 11:45:55]	[Emigration] enclave markers: repaint(PlayerTurnActivated) skipped: world not readable yet 
 While executing JS :30:23
[2026-09-18 11:45:55]	[Emigration] enclave markers: repaint(PlayerTurnActivated) skipped: world not readable yet 
 While executing JS :30:23
[2026-09-18 11:45:55]	[Emigration] enclave markers: repaint(PlayerTurnActivated) skipped: world not readable yet 
 While executing JS :30:23
[2026-09-18 11:45:56]	[Emigration] enclave markers: repaint(PlayerTurnActivated) skipped: world not readable yet 
 While executing JS :30:23
[2026-09-18 11:45:56]	[Emigration] enclave markers: repaint(PlayerTurnActivated) skipped: world not readable yet 
 While executing JS :30:23
[2026-09-18 11:45:56]	Attempting to remove event-mgr-receive-focus event listener from a target WORLD-ANCHOR-TEXT that did not have the event listener registered.
 While executing JS fs://game/core/ui/component-support.js:560:15
[2026-09-18 11:45:56]	Attempting to remove event-mgr-lose-focus event listener from a target WORLD-ANCHOR-TEXT that did not have the event listener registered.
 While executing JS fs://game/core/ui/component-support.js:561:15
[2026-09-18 11:45:56]	Attempting to remove event-mgr-pop event listener from a target WORLD-ANCHOR-TEXT that did not have the event listener registered.
 While executing JS fs://game/core/ui/component-support.js:562:15
[2026-09-18 11:45:56]	Attempting to remove event-mgr-receive-focus event listener from a target WORLD-ANCHOR-TEXT that did not have the event listener registered.
 While executing JS fs://game/core/ui/component-support.js:560:15
[2026-09-18 11:45:56]	Attempting to remove event-mgr-lose-focus event listener from a target WORLD-ANCHOR-TEXT that did not have the event listener registered.
 While executing JS fs://game/core/ui/component-support.js:561:15
[2026-09-18 11:45:56]	Attempting to remove event-mgr-pop event listener from a target WORLD-ANCHOR-TEXT that did not have the event listener registered.
 While executing JS fs://game/core/ui/component-support.js:562:15
[2026-09-18 11:45:56]	Attempting to remove event-mgr-receive-focus event listener from a target WORLD-ANCHOR-TEXT that did not have the event listener registered.
 While executing JS fs://game/core/ui/component-support.js:560:15
[2026-09-18 11:45:56]	Attempting to remove event-mgr-lose-focus event listener from a target WORLD-ANCHOR-TEXT that did not have the event listener registered.
 While executing JS fs://game/core/ui/component-support.js:561:15
[2026-09-18 11:45:56]	Attempting to remove event-mgr-pop event listener from a target WORLD-ANCHOR-TEXT that did not have the event listener registered.
 While executing JS fs://game/core/ui/component-support.js:562:15
[2026-09-18 11:45:56]	Attempting to remove event-mgr-receive-focus event listener from a target WORLD-ANCHOR-TEXT that did not have the event listener registered.
 While executing JS fs://game/core/ui/component-support.js:560:15
[2026-09-18 11:45:56]	Attempting to remove event-mgr-lose-focus event listener from a target WORLD-ANCHOR-TEXT that did not have the event listener registered.
 While executing JS fs://game/core/ui/component-support.js:561:15
[2026-09-18 11:45:56]	Attempting to remove event-mgr-pop event listener from a target WORLD-ANCHOR-TEXT that did not have the event listener registered.
 While executing JS fs://game/core/ui/component-support.js:562:15
[2026-09-18 11:45:56]	Unable to resolve custom variable: dg-fs-85
[2026-09-18 11:45:56]	[Emigration] enclave markers: repaint(PlayerTurnActivated) painted=7 
 While executing JS :30:23
[2026-09-18 11:45:58]	[Emigration] event type=955680268 class=CLASS_FLOOD sev=1 loc=92,30 affectedCities=2 m=0.60 spike=5.9 
 While executing JS :30:23
[2026-09-18 11:45:58]	[EmigTest] TURN activated n=4 turn=76 activeLens=emig-ethnicity-lens 
 While executing JS :15:23
[2026-09-18 11:45:59]	[Emigration] assimilation: load 3.5 cost -1.8 happy -11 gold 
 While executing JS :30:23
[2026-09-18 11:45:59]	[Emigration] abandoned IMPROVEMENT_WOODCUTTER at plot 4828 
 While executing JS :30:23
[2026-09-18 11:45:59]	[Emigration] abandoned IMPROVEMENT_WOODCUTTER at plot 5015 
 While executing JS :30:23
[2026-09-18 11:45:59]	[Emigration] abandoned IMPROVEMENT_WOODCUTTER at plot 4918 
 While executing JS :30:23
[2026-09-18 11:45:59]	[Emigration] abandoned IMPROVEMENT_CLAY_PIT at plot 3723 
 While executing JS :30:23
[2026-09-18 11:45:59]	[Emigration] abandoned IMPROVEMENT_FISHING_BOAT at plot 2971 
 While executing JS :30:23
[2026-09-18 11:45:59]	[Emigration] abandoned IMPROVEMENT_WOODCUTTER at plot 2586 
 While executing JS :30:23
[2026-09-18 11:45:59]	[Emigration] enclave BUILT OVER Abbasid Enclave in Charlottenburg at 30,10; host loses −4 Happiness 
 While executing JS :30:23
[2026-09-18 11:45:59]	[Emigration] netdist [c0:pts=-4,ppl=-384644 c2:pts=-7,ppl=-71869 c4:pts=2,ppl=-97885 c7:pts=9,ppl=405425 c8:pts=-4,ppl=-125531] thisPass: arrive>-/7 arrive>-/7 arriveX>-/7 arrive>-/9 depart>9/- depart>8/- depart>8/- depart>0/- departX>0/- departX>0/- 
 While executing JS :30:23
[2026-09-18 11:45:59]	[Emigration] MIGRATION 80,000 people moved from Himeji to Osaka 
 While executing JS :30:23
[2026-09-18 11:45:59]	[Emigration] MIGRATION 28,000 people moved from Tosali to Pudanagala 
 While executing JS :30:23
[2026-09-18 11:45:59]	[Emigration] MIGRATION 24,000 people moved from Tosali to Pudanagala 
 While executing JS :30:23
[2026-09-18 11:45:59]	[Emigration] MIGRATION 41,000 people moved from New Orleans to Pittsburgh 
 While executing JS :30:23
[2026-09-18 11:45:59]	[Emigration] EMIGRATION 37,000 people left London (Mongolia) for Frankfurt am Main (Mongolia) 
 While executing JS :30:23
[2026-09-18 11:45:59]	[Emigration] EMIGRATION 147,000 people left Leeds (Mongolia) for Frankfurt am Main (Mongolia) 
 While executing JS :30:23
[2026-09-18 11:45:59]	[Emigration] pass (turn 76) 10 migs, 457ms 
 While executing JS :30:23
[2026-09-18 11:45:59]	[Emigration] enclave markers: repaint(PlayerTurnActivated) painted=7 
 While executing JS :30:23
[2026-09-18 11:45:59]	Attempting to remove close-panel event listener from a target #document that did not have the event listener registered.
 While executing JS fs://game/core/ui/panel-support.js:96:14
[2026-09-18 11:45:59]	Trying to update image with Cached ID 436. Skipped.
[2026-09-18 11:46:01]	[Emigration] empty rural district cleared at plot 4828 
 While executing JS :30:23
[2026-09-18 11:46:01]	[Emigration] empty rural district cleared at plot 5015 
 While executing JS :30:23
[2026-09-18 11:46:01]	[Emigration] empty rural district cleared at plot 4918 
 While executing JS :30:23
[2026-09-18 11:46:01]	[Emigration] empty rural district cleared at plot 3723 
 While executing JS :30:23
[2026-09-18 11:46:01]	[Emigration] empty rural district cleared at plot 2971 
 While executing JS :30:23
[2026-09-18 11:46:01]	[Emigration] empty rural district cleared at plot 2586 
 While executing JS :30:23
[2026-09-18 11:46:06]	[EmigTest] ITEM2 after turn 4 detectorsWithMarker=0 [] transit=14 transitWithMix=14 transitCarryingMarker=5 sample=[{"mix":{"1":0.5,"7":0.5},"src":"17,27","dest":"14,4"},{"mix":{"1":0.5,"7":0.5},"src":"30,10","dest":"14,4"}] 
 While executing JS :15:23
[2026-09-18 11:46:06]	[EmigTest] POPUP dismissing screen-natural-disaster-placard 
 While executing JS :15:23
[2026-09-18 11:46:06]	Unable to resolve custom variable: dg-fs-85
[2026-09-18 11:46:13]	Attempting to remove event-mgr-receive-focus event listener from a target WORLD-ANCHOR-TEXT that did not have the event listener registered.
 While executing JS fs://game/core/ui/component-support.js:560:15
[2026-09-18 11:46:13]	Attempting to remove event-mgr-lose-focus event listener from a target WORLD-ANCHOR-TEXT that did not have the event listener registered.
 While executing JS fs://game/core/ui/component-support.js:561:15
[2026-09-18 11:46:13]	Attempting to remove event-mgr-pop event listener from a target WORLD-ANCHOR-TEXT that did not have the event listener registered.
 While executing JS fs://game/core/ui/component-support.js:562:15
[2026-09-18 11:46:13]	Attempting to remove event-mgr-receive-focus event listener from a target WORLD-ANCHOR-TEXT that did not have the event listener registered.
 While executing JS fs://game/core/ui/component-support.js:560:15
[2026-09-18 11:46:13]	Attempting to remove event-mgr-lose-focus event listener from a target WORLD-ANCHOR-TEXT that did not have the event listener registered.
 While executing JS fs://game/core/ui/component-support.js:561:15
[2026-09-18 11:46:13]	Attempting to remove event-mgr-pop event listener from a target WORLD-ANCHOR-TEXT that did not have the event listener registered.
 While executing JS fs://game/core/ui/component-support.js:562:15
[2026-09-18 11:46:13]	Attempting to remove event-mgr-receive-focus event listener from a target WORLD-ANCHOR-TEXT that did not have the event listener registered.
 While executing JS fs://game/core/ui/component-support.js:560:15
[2026-09-18 11:46:13]	Attempting to remove event-mgr-lose-focus event listener from a target WORLD-ANCHOR-TEXT that did not have the event listener registered.
 While executing JS fs://game/core/ui/component-support.js:561:15
[2026-09-18 11:46:13]	Attempting to remove event-mgr-pop event listener from a target WORLD-ANCHOR-TEXT that did not have the event listener registered.
 While executing JS fs://game/core/ui/component-support.js:562:15
[2026-09-18 11:46:13]	Attempting to remove event-mgr-receive-focus event listener from a target WORLD-ANCHOR-TEXT that did not have the event listener registered.
 While executing JS fs://game/core/ui/component-support.js:560:15
[2026-09-18 11:46:13]	Attempting to remove event-mgr-lose-focus event listener from a target WORLD-ANCHOR-TEXT that did not have the event listener registered.
 While executing JS fs://game/core/ui/component-support.js:561:15
[2026-09-18 11:46:13]	Attempting to remove event-mgr-pop event listener from a target WORLD-ANCHOR-TEXT that did not have the event listener registered.
 While executing JS fs://game/core/ui/component-support.js:562:15
[2026-09-18 11:46:13]	Unable to resolve custom variable: dg-fs-85
[2026-09-18 11:46:17]	[EmigTest] ENDTURN blocked (442844772), one Autoplay turn 
 While executing JS :15:23
[2026-09-18 11:46:17]	Tutorial: Autoplay started, auto-marking complete any active items. 
 While executing JS :30:23
[2026-09-18 11:46:17]	Unable to resolve custom variable: dg-fs-85
[2026-09-18 11:46:18]	Attempting to remove event-mgr-receive-focus event listener from a target UNIT-FLAG that did not have the event listener registered.
 While executing JS fs://game/core/ui/component-support.js:560:15
[2026-09-18 11:46:18]	Attempting to remove event-mgr-lose-focus event listener from a target UNIT-FLAG that did not have the event listener registered.
 While executing JS fs://game/core/ui/component-support.js:561:15
[2026-09-18 11:46:18]	Attempting to remove event-mgr-pop event listener from a target UNIT-FLAG that did not have the event listener registered.
 While executing JS fs://game/core/ui/component-support.js:562:15
[2026-09-18 11:46:18]	Attempting to remove event-mgr-receive-focus event listener from a target UNIT-FLAG that did not have the event listener registered.
 While executing JS fs://game/core/ui/component-support.js:560:15
[2026-09-18 11:46:18]	Attempting to remove event-mgr-lose-focus event listener from a target UNIT-FLAG that did not have the event listener registered.
 While executing JS fs://game/core/ui/component-support.js:561:15
[2026-09-18 11:46:18]	Attempting to remove event-mgr-pop event listener from a target UNIT-FLAG that did not have the event listener registered.
 While executing JS fs://game/core/ui/component-support.js:562:15
[2026-09-18 11:46:18]	Attempting to remove event-mgr-receive-focus event listener from a target UNIT-FLAG that did not have the event listener registered.
 While executing JS fs://game/core/ui/component-support.js:560:15
[2026-09-18 11:46:18]	Attempting to remove event-mgr-lose-focus event listener from a target UNIT-FLAG that did not have the event listener registered.
 While executing JS fs://game/core/ui/component-support.js:561:15
[2026-09-18 11:46:18]	Attempting to remove event-mgr-pop event listener from a target UNIT-FLAG that did not have the event listener registered.
 While executing JS fs://game/core/ui/component-support.js:562:15
[2026-09-18 11:46:18]	Attempting to remove event-mgr-receive-focus event listener from a target UNIT-FLAG that did not have the event listener registered.
 While executing JS fs://game/core/ui/component-support.js:560:15
[2026-09-18 11:46:18]	Attempting to remove event-mgr-lose-focus event listener from a target UNIT-FLAG that did not have the event listener registered.
 While executing JS fs://game/core/ui/component-support.js:561:15
[2026-09-18 11:46:18]	Attempting to remove event-mgr-pop event listener from a target UNIT-FLAG that did not have the event listener registered.
 While executing JS fs://game/core/ui/component-support.js:562:15
[2026-09-18 11:46:18]	Attempting to remove event-mgr-receive-focus event listener from a target UNIT-FLAG that did not have the event listener registered.
 While executing JS fs://game/core/ui/component-support.js:560:15
[2026-09-18 11:46:18]	Attempting to remove event-mgr-lose-focus event listener from a target UNIT-FLAG that did not have the event listener registered.
 While executing JS fs://game/core/ui/component-support.js:561:15
[2026-09-18 11:46:18]	Attempting to remove event-mgr-pop event listener from a target UNIT-FLAG that did not have the event listener registered.
 While executing JS fs://game/core/ui/component-support.js:562:15
[2026-09-18 11:46:18]	Attempting to remove event-mgr-receive-focus event listener from a target UNIT-FLAG that did not have the event listener registered.
 While executing JS fs://game/core/ui/component-support.js:560:15
[2026-09-18 11:46:18]	Attempting to remove event-mgr-lose-focus event listener from a target UNIT-FLAG that did not have the event listener registered.
 While executing JS fs://game/core/ui/component-support.js:561:15
[2026-09-18 11:46:18]	Attempting to remove event-mgr-pop event listener from a target UNIT-FLAG that did not have the event listener registered.
 While executing JS fs://game/core/ui/component-support.js:562:15
[2026-09-18 11:46:18]	Attempting to remove event-mgr-receive-focus event listener from a target UNIT-FLAG that did not have the event listener registered.
 While executing JS fs://game/core/ui/component-support.js:560:15
[2026-09-18 11:46:18]	Attempting to remove event-mgr-lose-focus event listener from a target UNIT-FLAG that did not have the event listener registered.
 While executing JS fs://game/core/ui/component-support.js:561:15
[2026-09-18 11:46:18]	Attempting to remove event-mgr-pop event listener from a target UNIT-FLAG that did not have the event listener registered.
 While executing JS fs://game/core/ui/component-support.js:562:15
[2026-09-18 11:46:18]	Attempting to remove event-mgr-receive-focus event listener from a target UNIT-FLAG that did not have the event listener registered.
 While executing JS fs://game/core/ui/component-support.js:560:15
[2026-09-18 11:46:18]	Attempting to remove event-mgr-lose-focus event listener from a target UNIT-FLAG that did not have the event listener registered.
 While executing JS fs://game/core/ui/component-support.js:561:15
[2026-09-18 11:46:18]	Attempting to remove event-mgr-pop event listener from a target UNIT-FLAG that did not have the event listener registered.
 While executing JS fs://game/core/ui/component-support.js:562:15
[2026-09-18 11:46:18]	Attempting to remove event-mgr-receive-focus event listener from a target UNIT-FLAG that did not have the event listener registered.
 While executing JS fs://game/core/ui/component-support.js:560:15
[2026-09-18 11:46:18]	Attempting to remove event-mgr-lose-focus event listener from a target UNIT-FLAG that did not have the event listener registered.
 While executing JS fs://game/core/ui/component-support.js:561:15
[2026-09-18 11:46:18]	Attempting to remove event-mgr-pop event listener from a target UNIT-FLAG that did not have the event listener registered.
 While executing JS fs://game/core/ui/component-support.js:562:15
[2026-09-18 11:46:18]	Attempting to remove event-mgr-receive-focus event listener from a target UNIT-FLAG that did not have the event listener registered.
 While executing JS fs://game/core/ui/component-support.js:560:15
[2026-09-18 11:46:18]	Attempting to remove event-mgr-lose-focus event listener from a target UNIT-FLAG that did not have the event listener registered.
 While executing JS fs://game/core/ui/component-support.js:561:15
[2026-09-18 11:46:18]	Attempting to remove event-mgr-pop event listener from a target UNIT-FLAG that did not have the event listener registered.
 While executing JS fs://game/core/ui/component-support.js:562:15
[2026-09-18 11:46:18]	Attempting to remove event-mgr-receive-focus event listener from a target UNIT-FLAG that did not have the event listener registered.
 While executing JS fs://game/core/ui/component-support.js:560:15
[2026-09-18 11:46:18]	Attempting to remove event-mgr-lose-focus event listener from a target UNIT-FLAG that did not have the event listener registered.
 While executing JS fs://game/core/ui/component-support.js:561:15
[2026-09-18 11:46:18]	Attempting to remove event-mgr-pop event listener from a target UNIT-FLAG that did not have the event listener registered.
 While executing JS fs://game/core/ui/component-support.js:562:15
[2026-09-18 11:46:18]	Attempting to remove event-mgr-receive-focus event listener from a target UNIT-FLAG that did not have the event listener registered.
 While executing JS fs://game/core/ui/component-support.js:560:15
[2026-09-18 11:46:18]	Attempting to remove event-mgr-lose-focus event listener from a target UNIT-FLAG that did not have the event listener registered.
 While executing JS fs://game/core/ui/component-support.js:561:15
[2026-09-18 11:46:18]	Attempting to remove event-mgr-pop event listener from a target UNIT-FLAG that did not have the event listener registered.
 While executing JS fs://game/core/ui/component-support.js:562:15
[2026-09-18 11:46:18]	Attempting to remove event-mgr-receive-focus event listener from a target UNIT-FLAG that did not have the event listener registered.
[2026-09-18 11:46:18]	Attempting to remove event-mgr-lose-focus event listener from a target UNIT-FLAG that did not have the event listener registered.
[2026-09-18 11:46:18]	Attempting to remove event-mgr-pop event listener from a target UNIT-FLAG that did not have the event listener registered.
[2026-09-18 11:46:18]	[Emigration] enclave markers: repaint(ConstructibleAddedToMap) skipped: world not readable yet 
 While executing JS :30:23
[2026-09-18 11:46:18]	panel-sub-system-dock: createTraditionsTooltip() - No local player! 
 While executing JS :15:23
[2026-09-18 11:46:19]	[Emigration] enclave markers: repaint(PlayerTurnActivated) skipped: world not readable yet 
 While executing JS :30:23
[2026-09-18 11:46:19]	[Emigration] enclave markers: repaint(PlayerTurnActivated) skipped: world not readable yet 
 While executing JS :30:23
[2026-09-18 11:46:19]	model-great-works: update() - no local player found! 
 While executing JS :15:23
[2026-09-18 11:46:19]	Attempting to remove event-mgr-receive-focus event listener from a target UNIT-FLAG that did not have the event listener registered.
 While executing JS fs://game/core/ui/component-support.js:560:15
[2026-09-18 11:46:19]	Attempting to remove event-mgr-lose-focus event listener from a target UNIT-FLAG that did not have the event listener registered.
 While executing JS fs://game/core/ui/component-support.js:561:15
[2026-09-18 11:46:19]	Attempting to remove event-mgr-pop event listener from a target UNIT-FLAG that did not have the event listener registered.
 While executing JS fs://game/core/ui/component-support.js:562:15
[2026-09-18 11:46:20]	[Emigration] enclave markers: repaint(PlayerTurnActivated) skipped: world not readable yet 
[2026-09-18 11:46:20]	panel-sub-system-dock: createTraditionsTooltip() - No local player! 
 While executing JS :15:23
[2026-09-18 11:46:20]	unit-flags-independent-powers: Failed attempt to get a unit for:  UNIT:24:393221 
 While executing JS :15:23
[2026-09-18 11:46:20]	unit-flags-independent-powers: Failed attempt to get a unit for:  UNIT:24:393221 
 While executing JS :15:23
[2026-09-18 11:46:20]	Attempting to remove event-mgr-receive-focus event listener from a target UNIT-FLAGS-INDEPENDENT-POWERS that did not have the event listener registered.
 While executing JS fs://game/core/ui/component-support.js:560:15
[2026-09-18 11:46:20]	Attempting to remove event-mgr-lose-focus event listener from a target UNIT-FLAGS-INDEPENDENT-POWERS that did not have the event listener registered.
 While executing JS fs://game/core/ui/component-support.js:561:15
[2026-09-18 11:46:20]	Attempting to remove event-mgr-pop event listener from a target UNIT-FLAGS-INDEPENDENT-POWERS that did not have the event listener registered.
 While executing JS fs://game/core/ui/component-support.js:562:15
[2026-09-18 11:46:20]	[Emigration] enclave markers: repaint(PlayerTurnActivated) skipped: world not readable yet 
 While executing JS :30:23
[2026-09-18 11:46:20]	model-great-works: update() - no local player found! 
 While executing JS :15:23
[2026-09-18 11:46:20]	Attempting to remove event-mgr-receive-focus event listener from a target UNIT-FLAG that did not have the event listener registered.
 While executing JS fs://game/core/ui/component-support.js:560:15
[2026-09-18 11:46:20]	Attempting to remove event-mgr-lose-focus event listener from a target UNIT-FLAG that did not have the event listener registered.
 While executing JS fs://game/core/ui/component-support.js:561:15
[2026-09-18 11:46:20]	Attempting to remove event-mgr-pop event listener from a target UNIT-FLAG that did not have the event listener registered.
 While executing JS fs://game/core/ui/component-support.js:562:15
[2026-09-18 11:46:21]	[Emigration] enclave markers: repaint(PlayerTurnActivated) skipped: world not readable yet 
 While executing JS :30:23
[2026-09-18 11:46:21]	model-great-works: update() - no local player found! 
 While executing JS :15:23
[2026-09-18 11:46:21]	Attempting to remove event-mgr-receive-focus event listener from a target UNIT-FLAG that did not have the event listener registered.
 While executing JS fs://game/core/ui/component-support.js:560:15
[2026-09-18 11:46:21]	Attempting to remove event-mgr-lose-focus event listener from a target UNIT-FLAG that did not have the event listener registered.
 While executing JS fs://game/core/ui/component-support.js:561:15
[2026-09-18 11:46:21]	Attempting to remove event-mgr-pop event listener from a target UNIT-FLAG that did not have the event listener registered.
 While executing JS fs://game/core/ui/component-support.js:562:15
[2026-09-18 11:46:21]	[Emigration] enclave markers: repaint(PlayerTurnActivated) skipped: world not readable yet 
 While executing JS :30:23
[2026-09-18 11:46:21]	[Emigration] enclave markers: repaint(PlayerTurnActivated) skipped: world not readable yet 
 While executing JS :30:23
[2026-09-18 11:46:21]	[Emigration] enclave markers: repaint(PlayerTurnActivated) skipped: world not readable yet 
 While executing JS :30:23
[2026-09-18 11:46:22]	[Emigration] enclave markers: repaint(PlayerTurnActivated) skipped: world not readable yet 
 While executing JS :30:23
[2026-09-18 11:46:22]	Trying to set "left" property to invalid value: -24
 While executing JS fs://game/base-standard/ui/unit-flags/unit-flags-independent-powers.js:150:35
[2026-09-18 11:46:22]	[Emigration] enclave markers: repaint(PlayerTurnActivated) skipped: world not readable yet 
 While executing JS :30:23
[2026-09-18 11:46:22]	[Emigration] enclave markers: repaint(PlayerTurnActivated) skipped: world not readable yet 
 While executing JS :30:23
[2026-09-18 11:46:22]	Failed attempt to get a unit for unit flag:  UNIT:6:917517 
 While executing JS :15:23
[2026-09-18 11:46:22]	Failed attempt to get a unit for unit flag:  UNIT:6:917517 
 While executing JS :15:23
[2026-09-18 11:46:22]	Failed attempt to get a unit for unit flag:  UNIT:6:917517 
 While executing JS :15:23
[2026-09-18 11:46:22]	Attempting to remove event-mgr-receive-focus event listener from a target UNIT-FLAG that did not have the event listener registered.
 While executing JS fs://game/core/ui/component-support.js:560:15
[2026-09-18 11:46:22]	Attempting to remove event-mgr-lose-focus event listener from a target UNIT-FLAG that did not have the event listener registered.
 While executing JS fs://game/core/ui/component-support.js:561:15
[2026-09-18 11:46:22]	Attempting to remove event-mgr-pop event listener from a target UNIT-FLAG that did not have the event listener registered.
 While executing JS fs://game/core/ui/component-support.js:562:15
[2026-09-18 11:46:22]	city-borders-layer: createBorderOverlay failed to create overlay for plotIndex 5416 
 While executing JS :15:23
[2026-09-18 11:46:23]	[Emigration] enclave markers: repaint(PlayerTurnActivated) painted=7 
 While executing JS :30:23
[2026-09-18 11:46:24]	[Emigration] event type=-1252595305 class=CLASS_VOLCANO sev=1 loc=76,40 affectedCities=1 m=0.40 spike=6.9 
 While executing JS :30:23
[2026-09-18 11:46:25]	[EmigTest] TURN activated n=5 turn=77 activeLens=fxs-default-lens 
 While executing JS :15:23
[2026-09-18 11:46:25]	[Emigration] assimilation: load 2.5 cost -1.2 happy -7 gold 
 While executing JS :30:23
[2026-09-18 11:46:26]	[Emigration] abandoned IMPROVEMENT_TEA_HOUSE at plot 4827 
 While executing JS :30:23
[2026-09-18 11:46:26]	[Emigration] abandoned IMPROVEMENT_WOODCUTTER at plot 915 
 While executing JS :30:23
[2026-09-18 11:46:26]	[Emigration] abandoned IMPROVEMENT_FARM at plot 3819 
 While executing JS :30:23
[2026-09-18 11:46:26]	[Emigration] enclave placed IMPROVEMENT_THING for IMPROVEMENT_EMIG_ENCLAVE_ABBASID_A at plot 2134 (new rural district) 
 While executing JS :30:23
[2026-09-18 11:46:26]	[Emigration] enclave ESTABLISHED Abbasid Enclave in Su Nuraxi at 21,23 (host 7, tile IMPROVEMENT_THING); host gains +4 Happiness 
 While executing JS :30:23
[2026-09-18 11:46:26]	[Emigration] netdist [c0:pts=-4,ppl=-384644 c2:pts=-7,ppl=-71869 c4:pts=2,ppl=-97885 c7:pts=9,ppl=405425 c8:pts=-4,ppl=-125531] thisPass: arrive>-/7 arrive>-/7 arrive>-/2 arrive>-/9 arrive>-/0 depart>9/- depart>6/- depart>0/- 
 While executing JS :30:23
[2026-09-18 11:46:26]	[Emigration] MIGRATION 73,000 people moved from Himeji to Osaka 
 While executing JS :30:23
[2026-09-18 11:46:26]	[Emigration] MIGRATION 9,000 people moved from Jenne to Kumbi Saleh 
 While executing JS :30:23
[2026-09-18 11:46:26]	[Emigration] MIGRATION 27,000 people moved from New Orleans to Pittsburgh 
 While executing JS :30:23
[2026-09-18 11:46:26]	[Emigration] pass (turn 77) 8 migs, 459ms 
 While executing JS :30:23
[2026-09-18 11:46:26]	[Emigration] enclave markers: repaint(PlayerTurnActivated) painted=7 
 While executing JS :30:23
[2026-09-18 11:46:26]	Attempting to remove close-panel event listener from a target #document that did not have the event listener registered.
 While executing JS fs://game/core/ui/panel-support.js:96:14
[2026-09-18 11:46:26]	[Emigration] enclave markers: repaint(ConstructibleAddedToMap) painted=7 
 While executing JS :30:23
[2026-09-18 11:46:26]	Trying to update image with Cached ID 436. Skipped.
[2026-09-18 11:46:28]	[Emigration] empty rural district cleared at plot 4827 
 While executing JS :30:23
[2026-09-18 11:46:28]	[Emigration] empty rural district cleared at plot 915 
 While executing JS :30:23
[2026-09-18 11:46:28]	[Emigration] empty rural district cleared at plot 3819 
 While executing JS :30:23
[2026-09-18 11:46:33]	[EmigTest] ITEM2 after turn 5 detectorsWithMarker=1 ["Tula:4.0%"] transit=12 transitWithMix=12 transitCarryingMarker=3 sample=[{"mix":{"1":0.49624999999999997,"8":0.50375},"src":"26,42","dest":"13,24"},{"mix":{"0":0.5299671499399039,"1":0.47003285006009615},"src":"93,26","dest":"13,24"}] 
 While executing JS :15:23
[2026-09-18 11:46:33]	[EmigTest] ITEM2 final detectorsWithMarker=1 ["Tula:4.0%"] transit=12 transitWithMix=12 transitCarryingMarker=3 sample=[{"mix":{"1":0.49624999999999997,"8":0.50375},"src":"26,42","dest":"13,24"},{"mix":{"0":0.5299671499399039,"1":0.47003285006009615},"src":"93,26","dest":"13,24"}] 
 While executing JS :15:23
[2026-09-18 11:46:33]	[EmigTest] VERDICT item2 PASS 1 detector(s) now hold the marker people 
 While executing JS :15:23
[2026-09-18 11:46:33]	[EmigTest] ITEM2 detector Tula comp=["2:96.0","1:4.0"] 
 While executing JS :15:23
[2026-09-18 11:46:50]	[EmigTest] HOVER item2 Tula tile=59,49 "(no panel)" 
 While executing JS :15:23
[2026-09-18 11:46:50]	[EmigTest] SHOT item2-detector 
 While executing JS :15:23
[2026-09-18 11:46:59]	[EmigTest] DONE modtest149 finished 
 While executing JS :15:23
